"Ticket";"Symbol";"Type";"Open time";"Open price";"Size";"Close time";"Close price";"Profit/Loss";"Balance";"Sample type";"Close type";"MAE ($)";"MFE ($)";"Time in trade";"Comment"
"1";"NAS100_DukasM1_Infinox";"Buy";"2012.04.11 21:00:00";"2717.81";"1.64";"2012.04.13 17:26:00";"2709.66";"-15.35";"9984.65";"IS";"TrailingStop";"-24.34";"41.98";"1d 20h 26m";""
"2";"NAS100_DukasM1_Infinox";"Buy";"2012.04.17 17:00:00";"2696.35";"1.48";"2012.04.19 20:20:00";"2698.14";"0.88";"9985.53";"IS";"TrailingStop";"-9.80";"62.49";"2d 3h 20m";""
"3";"NAS100_DukasM1_Infinox";"Buy";"2012.04.23 16:30:00";"2652.41";"1.61";"2012.05.01 16:30:00";"2718.23";"98.38";"10083.91";"IS";"TrailingStop";"-37.75";"157.92";"8d 0h 0m";""
"4";"NAS100_DukasM1_Infinox";"Buy";"2012.05.09 17:00:00";"2614.52";"1.42";"2012.05.14 16:30:00";"2592.53";"-35.35";"10048.56";"IS";"TrailingStop";"-36.28";"39.96";"4d 23h 30m";""
"5";"NAS100_DukasM1_Infinox";"Buy";"2012.05.15 20:00:00";"2610.60";"1.52";"2012.05.17 17:00:00";"2544.14";"-102.78";"9945.77";"IS";"SL";"-101.02";"2.22";"1d 21h 0m";""
"6";"NAS100_DukasM1_Infinox";"Buy";"2012.05.21 18:00:00";"2519.26";"1.14";"2012.05.23 16:31:00";"2519.36";"-1.16";"9944.61";"IS";"TrailingStop";"-10.76";"49.27";"1d 22h 31m";""
"7";"NAS100_DukasM1_Infinox";"Buy";"2012.05.24 18:00:00";"2543.36";"1.21";"2012.05.30 16:38:00";"2526.49";"-24.52";"9920.09";"IS";"TrailingStop";"-37.52";"33.08";"5d 22h 38m";""
"8";"NAS100_DukasM1_Infinox";"Buy";"2012.06.04 22:00:00";"2470.48";"1.25";"2012.06.07 22:47:00";"2535.66";"79.42";"9999.51";"IS";"TrailingStop";"-10.43";"124.59";"3d 0h 47m";""
"9";"NAS100_DukasM1_Infinox";"Buy";"2012.06.29 19:00:00";"2599.12";"1.39";"2012.07.06 19:49:00";"2602.69";"-0.66";"9998.85";"IS";"TrailingStop";"-3.36";"84.98";"7d 0h 49m";""
"10";"NAS100_DukasM1_Infinox";"Buy";"2012.07.18 17:00:00";"2614.06";"1.38";"2012.07.20 19:30:00";"2624.23";"12.43";"10011.28";"IS";"TrailingStop";"-4.35";"67.70";"2d 2h 30m";""
"11";"NAS100_DukasM1_Infinox";"Buy";"2012.07.26 13:14:00";"2551.00";"1.44";"2012.08.01 21:13:00";"2630.96";"110.24";"10121.53";"IS";"TrailingStop";"-2.59";"160.73";"6d 7h 59m";""
"12";"NAS100_DukasM1_Infinox";"Buy";"2012.10.02 18:00:00";"2802.96";"1.51";"2012.10.05 21:54:00";"2813.18";"12.61";"10134.14";"IS";"TrailingStop";"-36.00";"64.95";"3d 3h 54m";""
"13";"NAS100_DukasM1_Infinox";"Buy";"2012.10.10 12:09:00";"2743.72";"1.68";"2012.10.11 20:32:00";"2723.56";"-34.89";"10099.25";"IS";"TrailingStop";"-33.87";"11.91";"1d 8h 23m";""
"14";"NAS100_DukasM1_Infinox";"Buy";"2012.10.15 17:00:00";"2727.40";"1.83";"2012.10.18 19:34:00";"2755.01";"47.20";"10146.45";"IS";"TrailingStop";"-25.95";"105.06";"3d 2h 34m";""
"15";"NAS100_DukasM1_Infinox";"Buy";"2012.10.22 21:00:00";"2679.02";"1.52";"2012.10.23 17:38:00";"2659.50";"-30.58";"10115.87";"IS";"TrailingStop";"-29.67";"30.49";"20h 38m";""
"16";"NAS100_DukasM1_Infinox";"Buy";"2012.10.25 19:00:00";"2657.12";"1.32";"2012.11.02 20:36:00";"2671.25";"12.42";"10128.29";"IS";"TrailingStop";"-26.78";"59.12";"8d 1h 36m";""
"17";"NAS100_DukasM1_Infinox";"Buy";"2012.11.06 18:00:00";"2676.05";"1.79";"2012.11.07 16:30:00";"2646.49";"-53.98";"10074.31";"IS";"TrailingStop";"-52.91";"36.53";"22h 30m";""
"18";"NAS100_DukasM1_Infinox";"Buy";"2012.11.08 21:00:00";"2597.19";"1.41";"2012.11.13 16:30:00";"2558.02";"-59.30";"10015.01";"IS";"TrailingStop";"-55.23";"18.30";"4d 19h 30m";""
"19";"NAS100_DukasM1_Infinox";"Buy";"2012.11.13 23:00:00";"2564.07";"1.41";"2012.11.14 22:08:00";"2539.69";"-35.18";"9979.83";"IS";"TrailingStop";"-34.38";"19.02";"23h 8m";""
"20";"NAS100_DukasM1_Infinox";"Buy";"2012.11.16 18:00:00";"2515.53";"1.42";"2012.11.28 16:30:00";"2626.98";"148.73";"10128.56";"IS";"TrailingStop";"-29.98";"204.22";"11d 22h 30m";""
"21";"NAS100_DukasM1_Infinox";"Buy";"2012.12.25 08:23:00";"2659.85";"1.8";"2012.12.27 19:30:00";"2603.66";"-103.27";"10025.29";"IS";"SL";"-101.14";"6.68";"2d 11h 7m";""
"22";"NAS100_DukasM1_Infinox";"Buy";"2012.12.28 17:00:00";"2620.86";"1.59";"2013.01.07 16:30:00";"2712.64";"136.67";"10161.96";"IS";"TrailingStop";"-35.44";"206.64";"9d 23h 30m";""
"23";"NAS100_DukasM1_Infinox";"Buy";"2013.05.23 22:00:00";"2999.69";"1.11";"2013.05.28 20:23:00";"3011.96";"9.92";"10171.88";"IS";"TrailingStop";"-16.78";"40.64";"4d 22h 23m";""
"24";"NAS100_DukasM1_Infinox";"Buy";"2013.06.17 07:00:00";"2955.09";"2.42";"2013.06.17 21:46:00";"2966.25";"27.01";"10198.89";"IS";"TrailingStop";"-8.21";"78.85";"14h 46m";""
"25";"NAS100_DukasM1_Infinox";"Buy";"2013.06.18 14:00:00";"2978.35";"2.86";"2013.06.19 21:03:00";"2983.48";"12.78";"10211.67";"IS";"TrailingStop";"-21.95";"67.29";"1d 7h 3m";""
"26";"NAS100_DukasM1_Infinox";"Buy";"2013.06.24 07:00:00";"2863.94";"1.74";"2013.06.24 16:40:00";"2836.33";"-48.04";"10163.63";"IS";"TrailingStop";"-48.04";"7.20";"9h 40m";""
"27";"NAS100_DukasM1_Infinox";"Buy";"2013.06.25 18:00:00";"2862.50";"1.5";"2013.06.28 15:49:00";"2899.72";"52.97";"10216.60";"IS";"TrailingStop";"-16.21";"91.72";"2d 21h 49m";""
"28";"NAS100_DukasM1_Infinox";"Buy";"2013.07.01 05:00:00";"2901.68";"2.17";"2013.07.02 21:10:00";"2919.75";"37.81";"10254.41";"IS";"TrailingStop";"-7.10";"105.80";"1d 16h 10m";""
"29";"NAS100_DukasM1_Infinox";"Buy";"2013.07.03 11:00:00";"2903.85";"2.26";"2013.07.05 16:01:00";"2957.74";"118.87";"10373.28";"IS";"TrailingStop";"-6.44";"160.65";"2d 5h 1m";""
"30";"NAS100_DukasM1_Infinox";"Buy";"2013.08.20 13:00:00";"3069.10";"2.82";"2013.08.21 11:53:00";"3072.28";"7.04";"10380.33";"IS";"TrailingStop";"-7.00";"78.25";"22h 53m";""
"31";"NAS100_DukasM1_Infinox";"Buy";"2013.08.21 18:00:00";"3087.30";"2.89";"2013.08.21 22:58:00";"3068.50";"-54.33";"10326.00";"IS";"TrailingStop";"-79.44";"30.97";"4h 58m";""
"32";"NAS100_DukasM1_Infinox";"Buy";"2013.08.22 12:00:00";"3082.66";"2.36";"2013.08.27 13:16:00";"3104.40";"43.22";"10369.22";"IS";"TrailingStop";"-15.48";"108.97";"5d 1h 16m";""
"33";"NAS100_DukasM1_Infinox";"Buy";"2013.09.02 13:00:00";"3106.42";"2.11";"2013.09.03 11:54:00";"3093.80";"-28.08";"10341.13";"IS";"TrailingStop";"-26.63";"13.67";"22h 54m";""
"34";"NAS100_DukasM1_Infinox";"Buy";"2013.09.06 13:00:00";"3129.91";"3.34";"2013.09.06 16:43:00";"3125.78";"-13.79";"10327.34";"IS";"TrailingStop";"-13.79";"49.65";"3h 43m";""
"35";"NAS100_DukasM1_Infinox";"Buy";"2013.10.10 06:30:00";"3143.34";"1.45";"2013.10.22 23:43:00";"3354.98";"293.71";"10621.05";"IS";"TrailingStop";"-2.61";"349.45";"12d 17h 13m";""
"36";"NAS100_DukasM1_Infinox";"Buy";"2013.11.12 19:00:00";"3360.38";"2.58";"2013.11.13 15:30:00";"3346.48";"-37.79";"10583.26";"IS";"TrailingStop";"-35.86";"20.15";"20h 30m";""
"37";"NAS100_DukasM1_Infinox";"Buy";"2013.11.13 19:00:00";"3368.68";"2.34";"2013.11.18 17:02:00";"3408.22";"83.77";"10667.03";"IS";"TrailingStop";"-9.36";"140.61";"4d 22h 2m";""
"38";"NAS100_DukasM1_Infinox";"Buy";"2013.11.21 12:00:00";"3373.81";"2.69";"2013.11.29 04:13:00";"3471.40";"246.38";"10913.41";"IS";"TrailingStop";"-8.98";"292.61";"7d 16h 13m";""
"39";"NAS100_DukasM1_Infinox";"Buy";"2013.12.16 13:00:00";"3474.84";"2.39";"2013.12.17 11:10:00";"3466.45";"-21.90";"10891.51";"IS";"TrailingStop";"-46.62";"46.67";"22h 10m";""
"40";"NAS100_DukasM1_Infinox";"Buy";"2013.12.17 14:00:00";"3474.29";"3.21";"2013.12.18 16:53:00";"3460.43";"-46.97";"10844.54";"IS";"TrailingStop";"-46.16";"25.72";"1d 2h 53m";""
"41";"NAS100_DukasM1_Infinox";"Buy";"2013.12.20 03:00:00";"3501.08";"2.5";"2013.12.27 17:43:00";"3575.71";"172.96";"11017.50";"IS";"TrailingStop";"-8.92";"222.04";"7d 14h 43m";""
"42";"NAS100_DukasM1_Infinox";"Buy";"2014.01.09 15:00:00";"3578.91";"3.1";"2014.01.09 18:05:00";"3545.94";"-102.21";"10915.29";"IS";"SL";"-102.21";"0.00";"3h 5m";""
"43";"NAS100_DukasM1_Infinox";"Buy";"2014.01.30 18:00:00";"3523.18";"1.2";"2014.01.31 16:30:00";"3488.78";"-42.22";"10873.08";"IS";"TrailingStop";"-41.28";"25.21";"22h 30m";""
"44";"NAS100_DukasM1_Infinox";"Buy";"2014.02.04 21:00:00";"3469.04";"1.14";"2014.02.05 17:18:00";"3432.43";"-42.61";"10830.46";"IS";"TrailingStop";"-41.74";"8.76";"20h 18m";""
"45";"NAS100_DukasM1_Infinox";"Buy";"2014.02.07 18:00:00";"3524.48";"0.99";"2014.02.13 06:30:00";"3616.16";"86.11";"10916.57";"IS";"TrailingStop";"-4.07";"111.29";"5d 12h 30m";""
"46";"NAS100_DukasM1_Infinox";"Buy";"2014.03.14 06:00:00";"3657.93";"2.05";"2014.03.14 16:58:00";"3634.91";"-47.19";"10869.38";"IS";"TrailingStop";"-47.19";"2.96";"10h 58m";""
"47";"NAS100_DukasM1_Infinox";"Buy";"2014.03.18 15:00:00";"3668.49";"2.07";"2014.03.19 20:07:00";"3688.45";"39.63";"10909.01";"IS";"TrailingStop";"-16.53";"88.31";"1d 5h 7m";""
"48";"NAS100_DukasM1_Infinox";"Buy";"2014.03.20 10:00:00";"3678.55";"2.21";"2014.03.21 15:54:00";"3690.15";"23.83";"10932.84";"IS";"TrailingStop";"-33.50";"90.11";"1d 5h 54m";""
"49";"NAS100_DukasM1_Infinox";"Buy";"2014.03.24 10:00:00";"3660.10";"2.05";"2014.03.24 16:31:00";"3610.66";"-101.35";"10831.49";"IS";"SL";"-101.35";"10.77";"6h 31m";""
"50";"NAS100_DukasM1_Infinox";"Buy";"2014.03.26 05:00:00";"3637.27";"1.69";"2014.03.26 16:54:00";"3626.85";"-17.61";"10813.88";"IS";"TrailingStop";"-17.61";"30.44";"11h 54m";""
"51";"NAS100_DukasM1_Infinox";"Buy";"2014.03.27 09:00:00";"3588.60";"1.94";"2014.03.27 15:35:00";"3566.99";"-41.92";"10771.95";"IS";"TrailingStop";"-41.92";"7.90";"6h 35m";""
"52";"NAS100_DukasM1_Infinox";"Buy";"2014.03.28 04:00:00";"3567.36";"1.58";"2014.03.28 20:05:00";"3575.77";"13.29";"10785.24";"IS";"TrailingStop";"-5.68";"65.08";"16h 5m";""
"53";"NAS100_DukasM1_Infinox";"Buy";"2014.03.31 14:00:00";"3586.05";"2.05";"2014.04.03 17:29:00";"3655.36";"137.18";"10922.43";"IS";"TrailingStop";"-7.01";"183.71";"3d 3h 29m";""
"54";"NAS100_DukasM1_Infinox";"Buy";"2014.04.09 18:00:00";"3559.93";"1.84";"2014.04.10 16:49:00";"3580.12";"35.69";"10958.12";"IS";"TrailingStop";"-14.92";"86.29";"22h 49m";""
"55";"NAS100_DukasM1_Infinox";"Buy";"2014.04.11 07:00:00";"3491.54";"1.66";"2014.04.11 21:33:00";"3452.86";"-64.21";"10893.91";"IS";"TrailingStop";"-71.27";"16.02";"14h 33m";""
"56";"NAS100_DukasM1_Infinox";"Buy";"2014.04.14 12:00:00";"3446.83";"1.47";"2014.04.14 22:11:00";"3447.89";"1.56";"10895.47";"IS";"TrailingStop";"-14.83";"68.08";"10h 11m";""
"57";"NAS100_DukasM1_Infinox";"Buy";"2014.04.16 03:00:00";"3505.48";"1.13";"2014.04.23 16:45:00";"3571.86";"68.85";"10964.32";"IS";"TrailingStop";"-20.50";"102.50";"7d 13h 45m";""
"58";"NAS100_DukasM1_Infinox";"Buy";"2014.04.30 05:00:00";"3564.42";"1.98";"2014.05.02 17:48:00";"3580.21";"28.13";"10992.45";"IS";"TrailingStop";"-36.21";"94.85";"2d 12h 48m";""
"59";"NAS100_DukasM1_Infinox";"Buy";"2014.05.09 12:00:00";"3533.06";"2.04";"2014.05.14 15:33:00";"3599.30";"127.12";"11119.57";"IS";"TrailingStop";"-38.50";"186.90";"5d 3h 33m";""
"60";"NAS100_DukasM1_Infinox";"Buy";"2014.08.06 05:00:00";"3878.92";"1.79";"2014.08.06 13:23:00";"3858.71";"-36.18";"11083.39";"IS";"TrailingStop";"-36.18";"14.55";"8h 23m";""
"61";"NAS100_DukasM1_Infinox";"Buy";"2014.08.07 15:00:00";"3877.70";"2.08";"2014.08.07 19:20:00";"3863.12";"-30.33";"11053.06";"IS";"TrailingStop";"-30.33";"36.13";"4h 20m";""
"62";"NAS100_DukasM1_Infinox";"Buy";"2014.08.08 13:00:00";"3846.32";"1.82";"2014.08.12 16:09:00";"3901.65";"94.48";"11147.54";"IS";"TrailingStop";"-3.47";"134.41";"4d 3h 9m";""
"63";"NAS100_DukasM1_Infinox";"Buy";"2014.08.13 05:00:00";"3910.19";"2.54";"2014.08.15 17:53:00";"3974.07";"157.84";"11305.38";"IS";"TrailingStop";"-13.14";"218.73";"2d 12h 53m";""
"64";"NAS100_DukasM1_Infinox";"Buy";"2014.09.18 16:00:00";"4085.85";"2.68";"2014.09.19 17:40:00";"4103.69";"45.38";"11350.76";"IS";"TrailingStop";"-17.90";"103.88";"1d 1h 40m";""
"65";"NAS100_DukasM1_Infinox";"Buy";"2014.09.26 06:00:00";"4021.92";"1.96";"2014.09.29 13:54:00";"4024.94";"0.66";"11351.42";"IS";"TrailingStop";"-25.95";"71.81";"3d 7h 54m";""
"66";"NAS100_DukasM1_Infinox";"Buy";"2014.09.30 14:00:00";"4061.61";"2.0";"2014.09.30 16:49:00";"4040.36";"-42.50";"11308.92";"IS";"TrailingStop";"-42.50";"15.57";"2h 49m";""
"67";"NAS100_DukasM1_Infinox";"Buy";"2014.10.01 10:00:00";"4045.78";"1.9";"2014.10.01 16:39:00";"4021.28";"-46.55";"11262.38";"IS";"TrailingStop";"-46.55";"11.81";"6h 39m";""
"68";"NAS100_DukasM1_Infinox";"Buy";"2014.10.02 06:00:00";"3991.68";"1.75";"2014.10.02 17:35:00";"3965.62";"-45.60";"11216.77";"IS";"TrailingStop";"-45.60";"14.55";"11h 35m";""
"69";"NAS100_DukasM1_Infinox";"Buy";"2014.10.07 07:00:00";"4016.75";"1.97";"2014.10.07 22:16:00";"3965.37";"-101.22";"11115.55";"IS";"SL";"-101.22";"0.00";"15h 16m";""
"70";"NAS100_DukasM1_Infinox";"Buy";"2014.10.08 08:00:00";"3970.87";"1.9";"2014.10.09 14:55:00";"4019.93";"91.54";"11207.09";"IS";"TrailingStop";"-65.13";"157.89";"1d 6h 55m";""
"71";"NAS100_DukasM1_Infinox";"Buy";"2014.10.10 08:00:00";"3960.58";"1.25";"2014.10.10 17:09:00";"3928.23";"-40.44";"11166.65";"IS";"TrailingStop";"-40.44";"15.52";"9h 9m";""
"72";"NAS100_DukasM1_Infinox";"Buy";"2014.10.14 11:00:00";"3826.84";"1.1";"2014.10.15 14:19:00";"3796.91";"-33.86";"11132.79";"IS";"TrailingStop";"-32.92";"35.36";"1d 3h 19m";""
"73";"NAS100_DukasM1_Infinox";"Buy";"2014.10.16 04:00:00";"3761.59";"0.75";"2014.10.16 12:44:00";"3708.63";"-39.72";"11093.07";"IS";"TrailingStop";"-39.72";"7.79";"8h 44m";""
"74";"NAS100_DukasM1_Infinox";"Buy";"2014.10.17 15:00:00";"3804.33";"0.93";"2014.10.22 22:44:00";"3949.47";"131.05";"11224.12";"IS";"TrailingStop";"-15.91";"173.49";"5d 7h 44m";""
"75";"NAS100_DukasM1_Infinox";"Buy";"2014.10.23 09:00:00";"3959.51";"1.5";"2014.10.24 03:44:00";"3984.66";"36.41";"11260.53";"IS";"TrailingStop";"-16.55";"107.77";"18h 44m";""
"76";"NAS100_DukasM1_Infinox";"Buy";"2014.12.11 09:00:00";"4231.71";"1.62";"2014.12.11 21:48:00";"4255.70";"38.86";"11299.39";"IS";"TrailingStop";"-17.58";"104.20";"12h 48m";""
"77";"NAS100_DukasM1_Infinox";"Buy";"2014.12.15 13:00:00";"4224.64";"1.24";"2014.12.15 18:40:00";"4143.32";"-100.84";"11198.55";"IS";"SL";"-100.84";"14.04";"5h 40m";""
"78";"NAS100_DukasM1_Infinox";"Buy";"2014.12.16 07:00:00";"4173.09";"1.09";"2014.12.23 17:15:00";"4280.93";"110.47";"11309.02";"IS";"TrailingStop";"-99.47";"150.27";"7d 10h 15m";""
"79";"NAS100_DukasM1_Infinox";"Buy";"2015.01.06 06:00:00";"4164.50";"1.36";"2015.01.06 17:59:00";"4140.86";"-32.15";"11276.87";"IS";"TrailingStop";"-32.15";"16.59";"11h 59m";""
"80";"NAS100_DukasM1_Infinox";"Buy";"2015.01.07 07:01:00";"4117.71";"1.2";"2015.01.09 17:28:00";"4220.08";"120.65";"11397.52";"IS";"TrailingStop";"-8.60";"168.35";"2d 10h 27m";""
"81";"NAS100_DukasM1_Infinox";"Buy";"2015.01.12 08:00:00";"4204.69";"1.51";"2015.01.12 16:36:00";"4198.03";"-10.06";"11387.46";"IS";"TrailingStop";"-10.06";"42.75";"8h 36m";""
"82";"NAS100_DukasM1_Infinox";"Buy";"2015.01.14 12:00:00";"4167.64";"0.95";"2015.01.15 11:48:00";"4143.64";"-23.68";"11363.78";"IS";"TrailingStop";"-57.96";"26.92";"23h 48m";""
"83";"NAS100_DukasM1_Infinox";"Buy";"2015.01.16 09:00:00";"4063.66";"0.84";"2015.01.20 16:50:00";"4133.66";"55.77";"11419.55";"IS";"TrailingStop";"-12.34";"92.68";"4d 7h 50m";""
"84";"NAS100_DukasM1_Infinox";"Buy";"2015.01.21 04:00:00";"4171.70";"1.23";"2015.01.22 16:47:00";"4172.19";"-0.54";"11419.01";"IS";"TrailingStop";"-35.54";"67.13";"1d 12h 47m";""
"85";"NAS100_DukasM1_Infinox";"Buy";"2015.01.22 20:00:00";"4231.63";"1.04";"2015.01.26 01:05:00";"4252.45";"17.74";"11436.75";"IS";"TrailingStop";"-8.88";"62.78";"3d 5h 5m";""
"86";"NAS100_DukasM1_Infinox";"Buy";"2015.02.02 11:00:00";"4153.83";"1.26";"2015.02.02 16:59:00";"4116.79";"-46.67";"11390.08";"IS";"TrailingStop";"-46.67";"13.67";"5h 59m";""
"87";"NAS100_DukasM1_Infinox";"Buy";"2015.02.04 22:00:00";"4237.54";"1.26";"2015.02.06 20:25:00";"4236.27";"-3.97";"11386.11";"IS";"TrailingStop";"-68.77";"41.80";"1d 22h 25m";""
"88";"NAS100_DukasM1_Infinox";"Buy";"2015.03.11 03:05:00";"4341.72";"1.67";"2015.03.11 16:34:00";"4321.19";"-34.29";"11351.82";"IS";"TrailingStop";"-34.29";"10.48";"13h 29m";""
"89";"NAS100_DukasM1_Infinox";"Buy";"2015.03.12 08:00:00";"4318.71";"2.01";"2015.03.12 15:20:00";"4297.85";"-41.93";"11309.90";"IS";"TrailingStop";"-41.93";"8.59";"7h 20m";""
"90";"NAS100_DukasM1_Infinox";"Buy";"2015.03.16 11:00:00";"4326.86";"1.65";"2015.03.18 12:39:00";"4365.02";"59.79";"11369.69";"IS";"TrailingStop";"-8.65";"95.59";"2d 1h 39m";""
"91";"NAS100_DukasM1_Infinox";"Buy";"2015.03.18 23:00:00";"4430.91";"1.45";"2015.03.23 10:11:00";"4449.67";"20.06";"11389.75";"IS";"TrailingStop";"-17.86";"68.89";"4d 11h 11m";""
"92";"NAS100_DukasM1_Infinox";"Buy";"2015.03.31 23:00:00";"4336.38";"1.55";"2015.04.01 03:56:00";"4271.22";"-102.49";"11287.26";"IS";"SL";"-101.00";"0.00";"4h 56m";""
"93";"NAS100_DukasM1_Infinox";"Buy";"2015.04.01 12:00:00";"4328.46";"1.35";"2015.04.01 16:45:00";"4301.09";"-36.95";"11250.31";"IS";"TrailingStop";"-36.95";"18.26";"4h 45m";""
"94";"NAS100_DukasM1_Infinox";"Buy";"2015.04.06 15:00:00";"4282.48";"1.81";"2015.04.07 22:52:00";"4343.28";"108.33";"11358.63";"IS";"TrailingStop";"-4.83";"176.49";"1d 7h 52m";""
"95";"NAS100_DukasM1_Infinox";"Buy";"2015.04.08 13:00:00";"4345.01";"2.02";"2015.04.13 20:11:00";"4422.68";"147.14";"11505.78";"IS";"TrailingStop";"-15.20";"209.03";"5d 7h 11m";""
"96";"NAS100_DukasM1_Infinox";"Buy";"2015.04.22 22:00:00";"4460.93";"1.36";"2015.04.27 19:20:00";"4529.90";"87.06";"11592.83";"IS";"TrailingStop";"-48.65";"138.82";"4d 21h 20m";""
"97";"NAS100_DukasM1_Infinox";"Buy";"2015.05.08 20:00:00";"4460.79";"1.1";"2015.05.18 10:03:00";"4476.29";"6.15";"11598.98";"IS";"TrailingStop";"-91.10";"54.13";"9d 14h 3m";""
"98";"NAS100_DukasM1_Infinox";"Buy";"2015.05.18 18:00:00";"4488.76";"1.7";"2015.05.19 22:14:00";"4499.75";"16.99";"11615.97";"IS";"TrailingStop";"-3.30";"66.55";"1d 4h 14m";""
"99";"NAS100_DukasM1_Infinox";"Buy";"2015.06.09 17:00:00";"4405.76";"1.27";"2015.06.12 11:05:00";"4476.64";"86.29";"11702.26";"IS";"TrailingStop";"-18.95";"133.65";"2d 18h 5m";""
"100";"NAS100_DukasM1_Infinox";"Buy";"2015.06.15 15:00:00";"4433.79";"1.57";"2015.06.17 19:57:00";"4439.23";"5.45";"11707.70";"IS";"TrailingStop";"-62.74";"59.98";"2d 4h 57m";""
"101";"NAS100_DukasM1_Infinox";"Buy";"2015.06.18 16:00:00";"4476.68";"1.32";"2015.06.19 22:18:00";"4509.21";"41.63";"11749.33";"IS";"TrailingStop";"-3.74";"90.18";"1d 6h 18m";""
"102";"NAS100_DukasM1_Infinox";"Buy";"2015.06.22 14:00:00";"4541.76";"1.53";"2015.06.24 20:40:00";"4526.49";"-26.45";"11722.88";"IS";"TrailingStop";"-23.36";"27.90";"2d 6h 40m";""
"103";"NAS100_DukasM1_Infinox";"Buy";"2015.07.02 17:00:00";"4434.64";"1.36";"2015.07.06 09:00:00";"4380.10";"-79.54";"11643.34";"IS";"TrailingStop";"-74.17";"10.00";"3d 16h 0m";""
"104";"NAS100_DukasM1_Infinox";"Buy";"2015.07.06 20:00:00";"4423.74";"1.24";"2015.07.07 16:34:00";"4409.73";"-18.59";"11624.75";"IS";"TrailingStop";"-34.58";"40.00";"20h 34m";""
"105";"NAS100_DukasM1_Infinox";"Buy";"2015.07.08 14:00:00";"4397.72";"0.86";"2015.07.09 21:32:00";"4352.87";"-39.41";"11585.34";"IS";"TrailingStop";"-46.37";"15.72";"1d 7h 32m";""
"106";"NAS100_DukasM1_Infinox";"Buy";"2015.07.10 17:00:00";"4401.79";"1.03";"2015.07.21 17:51:00";"4663.50";"258.48";"11843.82";"IS";"TrailingStop";"-8.05";"299.95";"11d 0h 51m";""
"107";"NAS100_DukasM1_Infinox";"Buy";"2015.07.30 22:00:00";"4603.97";"1.19";"2015.08.03 10:26:00";"4579.12";"-34.44";"11809.38";"IS";"TrailingStop";"-29.57";"15.50";"3d 12h 26m";""
"108";"NAS100_DukasM1_Infinox";"Buy";"2015.08.07 15:00:00";"4521.74";"1.22";"2015.08.07 18:33:00";"4487.40";"-41.90";"11767.48";"IS";"TrailingStop";"-41.89";"13.24";"3h 33m";""
"109";"NAS100_DukasM1_Infinox";"Buy";"2015.08.12 17:00:00";"4463.82";"1.02";"2015.08.19 09:00:00";"4525.85";"56.19";"11823.67";"IS";"TrailingStop";"-28.75";"106.44";"6d 16h 0m";""
"110";"NAS100_DukasM1_Infinox";"Buy";"2015.08.19 19:00:00";"4494.79";"1.22";"2015.08.20 12:09:00";"4470.42";"-30.95";"11792.72";"IS";"TrailingStop";"-29.73";"68.90";"17h 9m";""
"111";"NAS100_DukasM1_Infinox";"Buy";"2015.08.21 17:00:00";"4344.88";"0.86";"2015.08.21 22:10:00";"4228.51";"-100.08";"11692.64";"IS";"SL";"-100.08";"13.86";"5h 10m";""
"112";"NAS100_DukasM1_Infinox";"Buy";"2015.08.24 20:00:00";"4175.45";"0.37";"2015.08.25 22:48:00";"4043.05";"-49.33";"11643.31";"IS";"TrailingStop";"-65.69";"12.10";"1d 2h 48m";""
"113";"NAS100_DukasM1_Infinox";"Buy";"2015.08.26 21:00:00";"4133.79";"0.34";"2015.09.01 09:00:00";"4185.20";"15.61";"11658.92";"IS";"TrailingStop";"-10.83";"70.79";"5d 12h 0m";""
"114";"NAS100_DukasM1_Infinox";"Buy";"2015.09.01 21:00:00";"4188.80";"0.53";"2015.09.04 09:00:00";"4194.40";"1.49";"11660.40";"IS";"TrailingStop";"-35.96";"62.18";"2d 12h 0m";""
"115";"NAS100_DukasM1_Infinox";"Buy";"2015.09.04 21:00:00";"4173.00";"0.64";"2015.09.09 20:50:00";"4300.77";"78.81";"11739.21";"IS";"TrailingStop";"-8.58";"126.71";"4d 23h 50m";""
"116";"NAS100_DukasM1_Infinox";"Buy";"2015.09.10 18:00:00";"4298.77";"0.63";"2015.09.17 22:22:00";"4389.93";"53.22";"11792.43";"IS";"TrailingStop";"-24.51";"95.57";"7d 4h 22m";""
"117";"NAS100_DukasM1_Infinox";"Buy";"2015.09.25 10:00:00";"4285.78";"0.72";"2015.09.25 21:22:00";"4248.65";"-26.73";"11765.69";"IS";"TrailingStop";"-26.73";"28.32";"11h 22m";""
"118";"NAS100_DukasM1_Infinox";"Buy";"2015.09.29 14:00:00";"4129.54";"0.72";"2015.09.29 22:20:00";"4063.37";"-47.64";"11718.05";"IS";"TrailingStop";"-47.64";"18.20";"8h 20m";""
"119";"NAS100_DukasM1_Infinox";"Buy";"2015.10.02 13:00:00";"4220.93";"0.76";"2015.10.02 15:34:00";"4160.51";"-45.92";"11672.13";"IS";"TrailingStop";"-45.92";"4.61";"2h 34m";""
"120";"NAS100_DukasM1_Infinox";"Buy";"2015.10.05 12:00:00";"4287.78";"0.68";"2015.10.06 19:35:00";"4275.58";"-8.94";"11663.19";"IS";"TrailingStop";"-8.30";"34.92";"1d 7h 35m";""
"121";"NAS100_DukasM1_Infinox";"Buy";"2015.11.16 15:00:00";"4509.16";"1.13";"2015.11.23 21:05:00";"4668.41";"172.03";"11835.21";"IS";"TrailingStop";"-25.65";"224.35";"7d 6h 5m";""
"122";"NAS100_DukasM1_Infinox";"Buy";"2015.12.08 16:00:00";"4651.29";"0.99";"2015.12.09 18:48:00";"4645.58";"-6.68";"11828.54";"IS";"TrailingStop";"-10.25";"57.60";"1d 2h 48m";""
"123";"NAS100_DukasM1_Infinox";"Buy";"2015.12.14 12:00:00";"4571.64";"0.8";"2015.12.17 18:16:00";"4626.16";"41.18";"11869.71";"IS";"TrailingStop";"-75.95";"94.82";"3d 6h 16m";""
"124";"NAS100_DukasM1_Infinox";"Buy";"2015.12.18 20:00:00";"4533.16";"0.72";"2015.12.28 13:23:00";"4602.45";"42.64";"11912.35";"IS";"TrailingStop";"-15.68";"74.04";"9d 17h 23m";""
"125";"NAS100_DukasM1_Infinox";"Buy";"2016.01.06 21:00:00";"4435.75";"0.79";"2016.01.07 09:00:00";"4375.04";"-48.74";"11863.61";"IS";"TrailingStop";"-47.96";"12.84";"12h 0m";""
"126";"NAS100_DukasM1_Infinox";"Buy";"2016.01.07 22:00:00";"4323.69";"0.56";"2016.01.08 22:47:00";"4275.19";"-27.70";"11835.91";"IS";"TrailingStop";"-27.16";"29.85";"1d 0h 47m";""
"127";"NAS100_DukasM1_Infinox";"Buy";"2016.01.11 19:00:00";"4277.72";"0.59";"2016.01.13 19:51:00";"4275.88";"-2.21";"11833.71";"IS";"TrailingStop";"-36.52";"55.62";"2d 0h 51m";""
"128";"NAS100_DukasM1_Infinox";"Buy";"2016.01.14 18:00:00";"4224.69";"0.48";"2016.01.15 10:59:00";"4199.28";"-12.65";"11821.06";"IS";"TrailingStop";"-12.20";"39.99";"16h 59m";""
"129";"NAS100_DukasM1_Infinox";"Buy";"2016.01.18 12:00:00";"4156.77";"0.47";"2016.01.19 19:22:00";"4140.75";"-7.96";"11813.09";"IS";"TrailingStop";"-10.83";"31.13";"1d 7h 22m";""
"130";"NAS100_DukasM1_Infinox";"Buy";"2016.01.20 21:00:00";"4097.67";"0.48";"2016.01.26 09:00:00";"4170.32";"32.25";"11845.34";"IS";"TrailingStop";"-12.29";"81.50";"5d 12h 0m";""
"131";"NAS100_DukasM1_Infinox";"Buy";"2016.01.26 20:00:00";"4239.62";"0.67";"2016.02.02 19:12:00";"4219.84";"-17.67";"11827.67";"IS";"TrailingStop";"-86.66";"41.12";"6d 23h 12m";""
"132";"NAS100_DukasM1_Infinox";"Buy";"2016.02.05 13:00:00";"4172.46";"0.59";"2016.02.08 11:12:00";"4002.45";"-101.95";"11725.73";"IS";"SL";"-100.31";"0.31";"2d 22h 12m";""
"133";"NAS100_DukasM1_Infinox";"Buy";"2016.02.10 13:00:00";"4007.25";"0.5";"2016.02.11 10:17:00";"3930.74";"-38.70";"11687.03";"IS";"TrailingStop";"-38.26";"19.08";"21h 17m";""
"134";"NAS100_DukasM1_Infinox";"Buy";"2016.02.11 22:00:00";"3960.56";"0.48";"2016.02.18 18:04:00";"4164.28";"94.83";"11781.85";"IS";"TrailingStop";"-8.62";"128.46";"6d 20h 4m";""
"135";"NAS100_DukasM1_Infinox";"Buy";"2016.02.19 17:00:00";"4142.67";"0.91";"2016.02.23 17:50:00";"4179.46";"30.13";"11811.98";"IS";"TrailingStop";"-13.94";"84.37";"4d 0h 50m";""
"136";"NAS100_DukasM1_Infinox";"Buy";"2016.04.27 20:00:00";"4402.86";"1.18";"2016.04.28 21:45:00";"4401.85";"-2.35";"11809.64";"IS";"TrailingStop";"-24.44";"51.58";"1d 1h 45m";""
"137";"NAS100_DukasM1_Infinox";"Buy";"2016.05.02 11:00:00";"4340.16";"0.99";"2016.05.03 16:52:00";"4333.60";"-7.45";"11802.19";"IS";"TrailingStop";"-8.11";"45.90";"1d 5h 52m";""
"138";"NAS100_DukasM1_Infinox";"Buy";"2016.05.04 13:00:00";"4308.78";"1.1";"2016.05.05 20:23:00";"4299.66";"-11.08";"11791.10";"IS";"TrailingStop";"-10.03";"42.24";"1d 7h 23m";""
"139";"NAS100_DukasM1_Infinox";"Buy";"2016.05.06 20:00:00";"4298.29";"1.12";"2016.05.11 21:47:00";"4364.52";"68.83";"11859.93";"IS";"TrailingStop";"-2.26";"122.99";"5d 1h 47m";""
"140";"NAS100_DukasM1_Infinox";"Buy";"2016.05.12 17:00:00";"4350.37";"1.46";"2016.05.13 10:00:00";"4316.39";"-51.02";"11808.91";"IS";"TrailingStop";"-56.72";"21.79";"17h 0m";""
"141";"NAS100_DukasM1_Infinox";"Buy";"2016.05.13 15:00:00";"4325.53";"1.22";"2016.05.17 17:29:00";"4352.60";"28.33";"11837.24";"IS";"TrailingStop";"-9.47";"86.47";"4d 2h 29m";""
"142";"NAS100_DukasM1_Infinox";"Buy";"2016.05.18 17:00:00";"4332.42";"1.25";"2016.05.18 21:29:00";"4311.20";"-26.52";"11810.72";"IS";"TrailingStop";"-26.52";"34.97";"4h 29m";""
"143";"NAS100_DukasM1_Infinox";"Buy";"2016.05.20 11:00:00";"4338.82";"1.07";"2016.05.31 21:04:00";"4503.30";"164.65";"11975.36";"IS";"TrailingStop";"-12.20";"200.73";"11d 10h 4m";""
"144";"NAS100_DukasM1_Infinox";"Buy";"2016.06.16 21:00:00";"4396.25";"1.19";"2016.06.17 16:39:00";"4388.55";"-10.33";"11965.04";"IS";"TrailingStop";"-9.16";"41.49";"19h 39m";""
"145";"NAS100_DukasM1_Infinox";"Buy";"2016.06.20 14:00:00";"4425.90";"1.21";"2016.06.20 22:49:00";"4403.26";"-27.39";"11937.64";"IS";"TrailingStop";"-27.39";"23.23";"8h 49m";""
"146";"NAS100_DukasM1_Infinox";"Buy";"2016.06.21 21:00:00";"4406.34";"1.34";"2016.06.24 09:00:00";"4253.97";"-208.11";"11729.53";"IS";"TrailingStop";"-204.18";"82.10";"2d 12h 0m";""
"147";"NAS100_DukasM1_Infinox";"Buy";"2016.06.24 21:00:00";"4307.66";"0.61";"2016.07.05 10:12:00";"4415.99";"59.66";"11789.19";"IS";"TrailingStop";"-79.30";"92.23";"10d 13h 12m";""
"148";"NAS100_DukasM1_Infinox";"Buy";"2016.08.29 17:00:00";"4796.62";"1.51";"2016.08.30 17:33:00";"4769.82";"-42.08";"11747.11";"IS";"TrailingStop";"-40.47";"12.77";"1d 0h 33m";""
"149";"NAS100_DukasM1_Infinox";"Buy";"2016.08.31 13:00:00";"4776.40";"1.84";"2016.09.01 17:29:00";"4760.53";"-31.15";"11715.96";"IS";"TrailingStop";"-47.67";"31.59";"1d 4h 29m";""
"150";"NAS100_DukasM1_Infinox";"Buy";"2016.09.02 14:00:00";"4786.02";"1.74";"2016.09.02 20:38:00";"4780.75";"-9.17";"11706.79";"IS";"TrailingStop";"-15.71";"53.47";"6h 38m";""
"151";"NAS100_DukasM1_Infinox";"Buy";"2016.09.06 17:00:00";"4814.49";"2.21";"2016.09.08 16:05:00";"4812.22";"-9.75";"11697.04";"IS";"TrailingStop";"-40.20";"54.32";"1d 23h 5m";""
"152";"NAS100_DukasM1_Infinox";"Buy";"2016.09.14 14:00:00";"4736.79";"1.11";"2016.09.19 19:18:00";"4804.16";"68.94";"11765.98";"IS";"TrailingStop";"-13.68";"120.08";"5d 5h 18m";""
"153";"NAS100_DukasM1_Infinox";"Buy";"2016.10.17 20:00:00";"4802.48";"1.34";"2016.10.19 10:20:00";"4822.64";"24.15";"11790.14";"IS";"TrailingStop";"-16.01";"78.69";"1d 14h 20m";""
"154";"NAS100_DukasM1_Infinox";"Buy";"2016.10.19 22:00:00";"4839.80";"1.72";"2016.10.20 16:39:00";"4817.68";"-39.90";"11750.24";"IS";"TrailingStop";"-38.05";"11.59";"18h 39m";""
"155";"NAS100_DukasM1_Infinox";"Buy";"2016.10.21 12:00:00";"4840.76";"1.48";"2016.10.25 17:45:00";"4897.18";"77.13";"11827.37";"IS";"TrailingStop";"-30.87";"122.81";"4d 5h 45m";""
"156";"NAS100_DukasM1_Infinox";"Buy";"2016.11.01 14:00:00";"4808.79";"1.41";"2016.11.01 18:09:00";"4775.55";"-46.87";"11780.50";"OOS1";"TrailingStop";"-46.87";"5.31";"4h 9m";""
"157";"NAS100_DukasM1_Infinox";"Buy";"2016.11.02 15:00:00";"4765.48";"1.27";"2016.11.02 19:19:00";"4726.61";"-49.37";"11731.14";"OOS1";"TrailingStop";"-49.36";"9.77";"4h 19m";""
"158";"NAS100_DukasM1_Infinox";"Buy";"2016.11.03 18:00:00";"4712.23";"1.18";"2016.11.09 09:00:00";"4594.00";"-146.93";"11584.21";"OOS1";"TrailingStop";"-139.51";"132.52";"5d 15h 0m";""
"159";"NAS100_DukasM1_Infinox";"Buy";"2016.11.09 09:00:00";"4596.60";"1.27";"2016.11.10 17:13:00";"4782.47";"234.76";"11818.97";"OOS1";"TrailingStop";"-10.07";"364.83";"1d 8h 13m";""
"160";"NAS100_DukasM1_Infinox";"Buy";"2016.11.11 16:00:00";"4724.97";"0.59";"2016.11.14 17:55:00";"4697.47";"-18.08";"11800.89";"OOS1";"TrailingStop";"-16.22";"32.10";"3d 1h 55m";""
"161";"NAS100_DukasM1_Infinox";"Buy";"2016.11.15 14:00:00";"4705.57";"0.8";"2016.11.23 16:33:00";"4849.14";"108.16";"11909.05";"OOS1";"TrailingStop";"-7.92";"142.96";"8d 2h 33m";""
"162";"NAS100_DukasM1_Infinox";"Buy";"2016.12.07 15:00:00";"4787.38";"1.68";"2016.12.12 11:49:00";"4861.78";"116.06";"12025.11";"OOS1";"TrailingStop";"-40.34";"184.58";"4d 20h 49m";""
"163";"NAS100_DukasM1_Infinox";"Buy";"2017.01.05 23:00:00";"4965.17";"1.62";"2017.01.11 18:30:00";"5019.85";"77.86";"12102.97";"OOS1";"TrailingStop";"-14.74";"138.02";"5d 19h 30m";""
"164";"NAS100_DukasM1_Infinox";"Buy";"2017.03.24 17:00:00";"5390.07";"1.53";"2017.03.24 20:48:00";"5358.39";"-48.47";"12054.50";"OOS1";"TrailingStop";"-48.47";"4.24";"3h 48m";""
"165";"NAS100_DukasM1_Infinox";"Buy";"2017.03.27 21:00:00";"5373.27";"1.18";"2017.04.03 18:00:00";"5421.52";"47.07";"12101.57";"OOS1";"TrailingStop";"-14.63";"94.52";"6d 21h 0m";""
"166";"NAS100_DukasM1_Infinox";"Buy";"2017.04.17 19:00:00";"5380.97";"1.59";"2017.04.19 21:52:00";"5398.17";"23.54";"12125.11";"OOS1";"TrailingStop";"-8.91";"79.66";"2d 2h 52m";""
"167";"NAS100_DukasM1_Infinox";"Buy";"2017.04.20 19:00:00";"5436.87";"1.72";"2017.05.03 10:20:00";"5621.22";"290.07";"12415.18";"OOS1";"TrailingStop";"-15.14";"356.56";"12d 15h 20m";""
"168";"NAS100_DukasM1_Infinox";"Buy";"2017.05.22 21:00:00";"5690.67";"1.4";"2017.05.30 14:55:00";"5777.48";"107.37";"12522.55";"OOS1";"TrailingStop";"-6.72";"150.92";"7d 17h 55m";""
"169";"NAS100_DukasM1_Infinox";"Buy";"2017.06.15 21:00:00";"5680.27";"0.8";"2017.06.16 17:53:00";"5659.62";"-17.53";"12505.02";"OOS1";"TrailingStop";"-16.52";"30.96";"20h 53m";""
"170";"NAS100_DukasM1_Infinox";"Buy";"2017.06.19 14:00:00";"5715.65";"1.02";"2017.06.20 19:24:00";"5734.73";"18.17";"12523.19";"OOS1";"TrailingStop";"-4.57";"62.75";"1d 5h 24m";""
"171";"NAS100_DukasM1_Infinox";"Buy";"2017.06.21 18:00:00";"5763.83";"1.06";"2017.06.23 16:45:00";"5758.29";"-8.59";"12514.60";"OOS1";"TrailingStop";"-17.87";"47.85";"1d 22h 45m";""
"172";"NAS100_DukasM1_Infinox";"Buy";"2017.06.23 22:00:00";"5802.67";"1.23";"2017.06.26 17:37:00";"5801.43";"-6.28";"12508.32";"OOS1";"TrailingStop";"-18.82";"54.98";"2d 19h 37m";""
"173";"NAS100_DukasM1_Infinox";"Buy";"2017.06.30 15:00:00";"5668.17";"0.82";"2017.07.03 17:57:00";"5628.00";"-36.04";"12472.28";"OOS1";"TrailingStop";"-32.94";"14.84";"3d 2h 57m";""
"174";"NAS100_DukasM1_Infinox";"Buy";"2017.07.05 10:00:00";"5579.57";"0.9";"2017.07.06 14:51:00";"5589.99";"8.26";"12480.54";"OOS1";"TrailingStop";"-13.95";"75.87";"1d 4h 51m";""
"175";"NAS100_DukasM1_Infinox";"Buy";"2017.07.07 12:00:00";"5600.37";"0.94";"2017.07.11 18:26:00";"5664.50";"55.60";"12536.14";"OOS1";"TrailingStop";"-8.65";"105.84";"4d 6h 26m";""
"176";"NAS100_DukasM1_Infinox";"Buy";"2017.07.12 10:00:00";"5713.77";"1.23";"2017.07.18 16:32:00";"5823.91";"126.10";"12662.25";"OOS1";"TrailingStop";"-3.20";"180.07";"6d 6h 32m";""
"177";"NAS100_DukasM1_Infinox";"Buy";"2017.08.08 09:05:00";"5931.77";"1.63";"2017.08.08 22:27:00";"5932.18";"0.67";"12662.91";"OOS1";"TrailingStop";"-34.07";"64.38";"13h 22m";""
"178";"NAS100_DukasM1_Infinox";"Buy";"2017.08.11 16:00:00";"5791.97";"0.98";"2017.08.17 14:40:00";"5890.12";"88.62";"12751.53";"OOS1";"TrailingStop";"-12.64";"146.02";"5d 22h 40m";""
"179";"NAS100_DukasM1_Infinox";"Buy";"2017.08.18 16:00:00";"5815.77";"1.14";"2017.08.21 17:12:00";"5762.58";"-65.06";"12686.48";"OOS1";"TrailingStop";"-60.64";"13.34";"3d 1h 12m";""
"180";"NAS100_DukasM1_Infinox";"Buy";"2017.08.24 14:00:00";"5859.37";"1.36";"2017.08.24 16:59:00";"5830.21";"-39.66";"12646.82";"OOS1";"TrailingStop";"-39.66";"15.23";"2h 59m";""
"181";"NAS100_DukasM1_Infinox";"Buy";"2017.08.28 18:00:00";"5852.37";"1.17";"2017.09.01 17:04:00";"5970.68";"132.34";"12779.15";"OOS1";"TrailingStop";"-91.73";"191.76";"3d 23h 4m";""
"182";"NAS100_DukasM1_Infinox";"Buy";"2017.09.26 15:00:00";"5882.37";"1.25";"2017.10.02 18:58:00";"5966.44";"95.28";"12874.44";"OOS1";"TrailingStop";"-27.75";"153.38";"6d 3h 58m";""
"183";"NAS100_DukasM1_Infinox";"Buy";"2017.10.03 18:00:00";"5991.17";"1.51";"2017.10.06 15:57:00";"6037.06";"63.26";"12937.70";"OOS1";"TrailingStop";"-25.82";"114.31";"2d 21h 57m";""
"184";"NAS100_DukasM1_Infinox";"Buy";"2017.10.26 13:00:00";"6065.57";"1.29";"2017.11.01 17:55:00";"6245.75";"222.00";"13159.70";"OOS1";"TrailingStop";"-39.73";"281.35";"6d 4h 55m";""
"185";"NAS100_DukasM1_Infinox";"Buy";"2017.12.04 11:00:00";"6366.67";"0.69";"2017.12.04 17:08:00";"6310.12";"-39.02";"13120.68";"OOS1";"TrailingStop";"-39.02";"9.45";"6h 8m";""
"186";"NAS100_DukasM1_Infinox";"Buy";"2017.12.05 18:00:00";"6317.87";"0.67";"2017.12.19 16:44:00";"6488.56";"101.19";"13221.87";"OOS1";"TrailingStop";"-59.56";"138.82";"13d 22h 44m";""
"1";"NAS100_DukasM1_Infinox";"Buy";"2018.01.04 12:00:00";"6592.27";"1.94";"2018.01.09 16:44:00";"6664.98";"126.85";"13348.72";"OOS1";"TrailingStop";"-29.68";"201.62";"5d 4h 44m";""
"2";"NAS100_DukasM1_Infinox";"Buy";"2018.02.09 18:00:00";"6332.56";"0.37";"2018.02.14 15:32:00";"6477.68";"51.09";"13399.81";"OOS1";"TrailingStop";"-62.72";"97.31";"4d 21h 32m";""
"3";"NAS100_DukasM1_Infinox";"Buy";"2018.02.15 11:00:00";"6729.07";"0.56";"2018.02.20 11:38:00";"6741.32";"2.67";"13402.49";"OOS1";"TrailingStop";"-35.12";"68.99";"5d 0h 38m";""
"4";"NAS100_DukasM1_Infinox";"Buy";"2018.03.07 20:00:00";"6884.86";"0.7";"2018.03.13 17:07:00";"7115.09";"154.74";"13557.22";"OOS1";"TrailingStop";"-15.53";"210.29";"5d 21h 7m";""
"5";"NAS100_DukasM1_Infinox";"Buy";"2018.03.21 21:00:00";"6852.27";"0.8";"2018.03.22 11:16:00";"6792.38";"-49.13";"13508.09";"OOS1";"TrailingStop";"-47.91";"27.75";"14h 16m";""
"6";"NAS100_DukasM1_Infinox";"Buy";"2018.03.23 09:00:00";"6623.97";"0.55";"2018.03.23 20:58:00";"6578.85";"-24.82";"13483.27";"OOS1";"TrailingStop";"-24.82";"45.04";"11h 58m";""
"7";"NAS100_DukasM1_Infinox";"Buy";"2018.03.28 19:00:00";"6478.06";"0.39";"2018.04.02 17:21:00";"6462.67";"-8.81";"13474.46";"OOS1";"TrailingStop";"-18.13";"64.43";"4d 22h 21m";""
"8";"NAS100_DukasM1_Infinox";"Buy";"2018.04.03 15:00:00";"6429.07";"0.54";"2018.04.04 11:08:00";"6335.74";"-51.17";"13423.29";"OOS1";"TrailingStop";"-50.40";"30.99";"20h 8m";""
"9";"NAS100_DukasM1_Infinox";"Buy";"2018.04.04 21:00:00";"6453.06";"0.46";"2018.04.06 20:39:00";"6497.83";"19.27";"13442.57";"OOS1";"TrailingStop";"-2.94";"86.07";"1d 23h 39m";""
"10";"NAS100_DukasM1_Infinox";"Buy";"2018.04.09 11:00:00";"6500.17";"0.47";"2018.04.09 22:58:00";"6468.14";"-15.05";"13427.52";"OOS1";"TrailingStop";"-15.05";"50.53";"11h 58m";""
"11";"NAS100_DukasM1_Infinox";"Buy";"2018.04.11 21:00:00";"6624.26";"0.6";"2018.04.13 17:27:00";"6629.49";"1.37";"13428.89";"OOS1";"TrailingStop";"-30.29";"46.86";"1d 20h 27m";""
"12";"NAS100_DukasM1_Infinox";"Buy";"2018.04.16 06:00:00";"6650.16";"0.96";"2018.04.18 17:02:00";"6801.17";"142.13";"13571.02";"OOS1";"TrailingStop";"-19.58";"188.54";"2d 11h 2m";""
"13";"NAS100_DukasM1_Infinox";"Buy";"2018.04.30 05:00:00";"6693.67";"0.92";"2018.04.30 18:39:00";"6648.01";"-42.01";"13529.01";"OOS1";"TrailingStop";"-42.01";"16.74";"13h 39m";""
"14";"NAS100_DukasM1_Infinox";"Buy";"2018.05.03 10:00:00";"6637.37";"1.25";"2018.05.03 16:40:00";"6592.24";"-56.41";"13472.60";"OOS1";"TrailingStop";"-56.41";"13.75";"6h 40m";""
"15";"NAS100_DukasM1_Infinox";"Buy";"2018.05.08 20:00:00";"6788.17";"1.17";"2018.05.11 16:51:00";"6932.05";"163.04";"13635.64";"OOS1";"TrailingStop";"-23.30";"215.16";"2d 20h 51m";""
"16";"NAS100_DukasM1_Infinox";"Buy";"2018.06.27 19:00:00";"7091.56";"0.84";"2018.06.27 22:59:00";"6972.71";"-99.83";"13535.81";"OOS1";"SL";"-99.83";"7.31";"3h 59m";""
"17";"NAS100_DukasM1_Infinox";"Buy";"2018.06.28 10:00:00";"6982.27";"0.93";"2018.07.02 01:23:00";"7024.82";"33.80";"13569.61";"OOS1";"TrailingStop";"-45.11";"112.62";"3d 15h 23m";""
"18";"NAS100_DukasM1_Infinox";"Buy";"2018.07.02 19:00:00";"7024.17";"0.95";"2018.07.03 16:46:00";"7081.29";"52.78";"13622.39";"OOS1";"TrailingStop";"-13.97";"113.52";"21h 46m";""
"19";"NAS100_DukasM1_Infinox";"Buy";"2018.07.04 11:00:00";"7022.27";"1.23";"2018.07.10 20:35:00";"7266.21";"288.53";"13910.92";"OOS1";"TrailingStop";"-31.98";"357.07";"6d 9h 35m";""
"20";"NAS100_DukasM1_Infinox";"Buy";"2018.07.10 23:00:00";"7283.67";"1.54";"2018.07.11 03:35:00";"7217.96";"-103.69";"13807.23";"OOS1";"SL";"-101.19";"3.23";"4h 35m";""
"21";"NAS100_DukasM1_Infinox";"Buy";"2018.08.01 03:00:00";"7263.86";"0.97";"2018.08.02 11:00:00";"7227.12";"-37.20";"13770.03";"OOS1";"TrailingStop";"-35.64";"28.72";"1d 8h 0m";""
"22";"NAS100_DukasM1_Infinox";"Buy";"2018.08.02 19:00:00";"7323.66";"1.07";"2018.08.03 16:46:00";"7355.60";"32.43";"13802.47";"OOS1";"TrailingStop";"-10.49";"87.64";"21h 46m";""
"23";"NAS100_DukasM1_Infinox";"Buy";"2018.08.06 03:00:00";"7397.16";"1.48";"2018.08.08 16:32:00";"7439.29";"57.49";"13859.95";"OOS1";"TrailingStop";"-26.64";"119.89";"2d 13h 32m";""
"24";"NAS100_DukasM1_Infinox";"Buy";"2018.08.21 05:00:00";"7369.57";"1.55";"2018.08.21 21:53:00";"7398.23";"44.42";"13904.38";"OOS1";"TrailingStop";"-6.22";"111.43";"16h 53m";""
"25";"NAS100_DukasM1_Infinox";"Buy";"2018.08.23 17:00:00";"7455.67";"1.63";"2018.08.30 21:23:00";"7650.02";"297.89";"14202.26";"OOS1";"TrailingStop";"-86.06";"383.20";"7d 4h 23m";""
"26";"NAS100_DukasM1_Infinox";"Buy";"2018.09.10 11:00:00";"7461.87";"1.24";"2018.09.10 17:03:00";"7427.29";"-42.88";"14159.38";"OOS1";"TrailingStop";"-42.88";"20.32";"6h 3m";""
"27";"NAS100_DukasM1_Infinox";"Buy";"2018.09.11 05:00:00";"7472.37";"1.39";"2018.09.11 12:05:00";"7433.48";"-54.06";"14105.33";"OOS1";"TrailingStop";"-54.06";"11.81";"7h 5m";""
"28";"NAS100_DukasM1_Infinox";"Buy";"2018.09.13 04:00:00";"7489.06";"1.18";"2018.09.14 19:00:00";"7548.85";"68.59";"14173.91";"OOS1";"TrailingStop";"-29.62";"123.91";"1d 15h 0m";""
"29";"NAS100_DukasM1_Infinox";"Buy";"2018.09.17 08:00:00";"7528.17";"1.57";"2018.09.17 16:37:00";"7499.35";"-45.25";"14128.67";"OOS1";"TrailingStop";"-45.25";"22.14";"8h 37m";""
"30";"NAS100_DukasM1_Infinox";"Buy";"2018.09.20 04:00:00";"7499.86";"1.4";"2018.09.21 17:21:00";"7567.52";"92.39";"14221.06";"OOS1";"TrailingStop";"-24.91";"146.58";"1d 13h 21m";""
"31";"NAS100_DukasM1_Infinox";"Buy";"2018.09.24 10:00:00";"7484.76";"1.66";"2018.09.24 16:32:00";"7454.59";"-50.08";"14170.98";"OOS1";"TrailingStop";"-50.08";"17.11";"6h 32m";""
"32";"NAS100_DukasM1_Infinox";"Buy";"2018.09.26 05:00:00";"7584.07";"1.8";"2018.09.26 22:45:00";"7576.07";"-14.40";"14156.58";"OOS1";"TrailingStop";"-35.30";"98.26";"17h 45m";""
"33";"NAS100_DukasM1_Infinox";"Buy";"2018.10.09 04:00:00";"7366.56";"0.78";"2018.10.10 15:25:00";"7329.50";"-30.18";"14126.39";"OOS1";"TrailingStop";"-41.33";"51.71";"1d 11h 25m";""
"34";"NAS100_DukasM1_Infinox";"Buy";"2018.10.11 10:00:00";"6983.16";"0.53";"2018.10.11 18:04:00";"6972.52";"-5.64";"14120.75";"OOS1";"TrailingStop";"-31.58";"69.97";"8h 4m";""
"35";"NAS100_DukasM1_Infinox";"Buy";"2018.10.12 10:00:00";"7145.16";"0.44";"2018.10.17 16:37:00";"7268.26";"50.67";"14171.42";"OOS1";"TrailingStop";"-55.88";"89.90";"5d 6h 37m";""
"36";"NAS100_DukasM1_Infinox";"Buy";"2018.10.18 04:00:00";"7270.46";"0.78";"2018.10.18 16:35:00";"7209.16";"-47.81";"14123.61";"OOS1";"TrailingStop";"-47.81";"12.71";"12h 35m";""
"37";"NAS100_DukasM1_Infinox";"Buy";"2018.10.19 06:00:00";"7161.07";"0.75";"2018.10.19 19:21:00";"7119.83";"-30.93";"14092.68";"OOS1";"TrailingStop";"-30.93";"51.37";"13h 21m";""
"38";"NAS100_DukasM1_Infinox";"Buy";"2018.10.22 09:00:00";"7119.87";"0.73";"2018.10.23 05:40:00";"7080.78";"-29.69";"14062.99";"OOS1";"TrailingStop";"-28.54";"54.97";"20h 40m";""
"39";"NAS100_DukasM1_Infinox";"Buy";"2018.10.23 17:00:00";"6999.16";"0.74";"2018.10.24 12:03:00";"7038.01";"27.60";"14090.59";"OOS1";"TrailingStop";"-52.02";"119.00";"19h 3m";""
"40";"NAS100_DukasM1_Infinox";"Buy";"2018.10.25 09:00:00";"6852.17";"0.52";"2018.10.25 23:10:00";"6909.91";"29.23";"14119.82";"OOS1";"TrailingStop";"-8.42";"110.55";"14h 10m";""
"41";"NAS100_DukasM1_Infinox";"Buy";"2018.10.26 15:00:00";"6772.76";"0.48";"2018.10.29 18:03:00";"6833.96";"27.21";"14147.03";"OOS1";"TrailingStop";"-15.50";"99.31";"3d 3h 3m";""
"42";"NAS100_DukasM1_Infinox";"Buy";"2018.10.30 08:00:00";"6768.87";"0.48";"2018.11.02 16:05:00";"7002.39";"109.92";"14256.95";"OOS1";"TrailingStop";"-55.78";"175.39";"3d 8h 5m";""
"43";"NAS100_DukasM1_Infinox";"Buy";"2018.11.05 06:00:00";"6964.56";"0.64";"2018.11.05 16:44:00";"6903.05";"-39.37";"14217.59";"OOS1";"TrailingStop";"-39.37";"16.90";"10h 44m";""
"44";"NAS100_DukasM1_Infinox";"Buy";"2018.11.06 04:00:00";"6938.76";"0.77";"2018.11.06 21:26:00";"6931.44";"-5.64";"14211.95";"OOS1";"TrailingStop";"-30.95";"68.00";"17h 26m";""
"45";"NAS100_DukasM1_Infinox";"Buy";"2018.11.07 09:00:00";"7029.57";"0.69";"2018.11.08 21:45:00";"7122.62";"63.13";"14275.08";"OOS1";"TrailingStop";"-10.08";"129.85";"1d 12h 45m";""
"46";"NAS100_DukasM1_Infinox";"Buy";"2018.11.08 23:00:00";"7161.07";"0.83";"2018.11.09 17:15:00";"7040.16";"-101.68";"14173.40";"OOS1";"SL";"-100.36";"5.23";"18h 15m";""
"47";"NAS100_DukasM1_Infinox";"Buy";"2018.11.14 10:00:00";"6820.07";"0.71";"2018.11.14 18:42:00";"6775.96";"-31.32";"14142.08";"OOS1";"TrailingStop";"-39.34";"69.22";"8h 42m";""
"48";"NAS100_DukasM1_Infinox";"Buy";"2018.11.15 09:00:00";"6794.16";"0.6";"2018.11.15 17:34:00";"6709.32";"-50.90";"14091.18";"OOS1";"TrailingStop";"-50.90";"21.25";"8h 34m";""
"49";"NAS100_DukasM1_Infinox";"Buy";"2018.11.16 22:00:00";"6888.06";"0.57";"2018.11.19 16:05:00";"6821.08";"-40.80";"14050.38";"OOS1";"TrailingStop";"-38.18";"19.21";"2d 18h 5m";""
"50";"NAS100_DukasM1_Infinox";"Buy";"2018.11.20 06:00:00";"6634.47";"0.66";"2018.11.20 14:56:00";"6544.18";"-59.59";"13990.79";"OOS1";"TrailingStop";"-59.59";"5.61";"8h 56m";""
"51";"NAS100_DukasM1_Infinox";"Buy";"2018.11.23 04:00:00";"6538.37";"0.98";"2018.11.23 15:43:00";"6489.59";"-47.80";"13942.99";"OOS1";"TrailingStop";"-47.80";"16.55";"11h 43m";""
"52";"NAS100_DukasM1_Infinox";"Buy";"2018.11.26 11:00:00";"6631.37";"0.97";"2018.12.03 16:41:00";"7056.90";"402.76";"14345.74";"OOS1";"TrailingStop";"-40.64";"485.96";"7d 5h 41m";""
"53";"NAS100_DukasM1_Infinox";"Buy";"2018.12.12 09:00:00";"6761.47";"0.65";"2018.12.12 22:59:00";"6762.60";"0.73";"14346.48";"OOS1";"TrailingStop";"-21.39";"69.09";"13h 59m";""
"54";"NAS100_DukasM1_Infinox";"Buy";"2018.12.13 11:00:00";"6790.86";"0.78";"2018.12.13 21:27:00";"6721.38";"-54.19";"14292.28";"OOS1";"TrailingStop";"-54.19";"34.09";"10h 27m";""
"55";"NAS100_DukasM1_Infinox";"Buy";"2018.12.14 14:00:00";"6684.47";"0.82";"2018.12.14 21:39:00";"6612.00";"-59.43";"14232.86";"OOS1";"TrailingStop";"-59.43";"21.89";"7h 39m";""
"56";"NAS100_DukasM1_Infinox";"Buy";"2018.12.19 11:00:00";"6493.47";"0.79";"2018.12.19 21:04:00";"6475.22";"-14.42";"14218.44";"OOS1";"TrailingStop";"-19.99";"67.70";"10h 4m";""
"57";"NAS100_DukasM1_Infinox";"Buy";"2018.12.20 11:00:00";"6306.17";"0.61";"2018.12.20 18:28:00";"6260.35";"-27.95";"14190.49";"OOS1";"TrailingStop";"-27.95";"48.74";"7h 28m";""
"58";"NAS100_DukasM1_Infinox";"Buy";"2018.12.21 07:00:00";"6277.27";"0.51";"2018.12.21 18:07:00";"6185.93";"-46.58";"14143.91";"OOS1";"TrailingStop";"-46.58";"20.50";"11h 7m";""
"59";"NAS100_DukasM1_Infinox";"Buy";"2018.12.24 08:00:00";"6080.87";"0.55";"2018.12.24 15:00:00";"5979.86";"-55.56";"14088.35";"OOS1";"TrailingStop";"-55.56";"12.04";"7h 0m";""
"60";"NAS100_DukasM1_Infinox";"Buy";"2018.12.26 10:00:00";"5873.57";"0.48";"2018.12.27 17:19:00";"6111.49";"113.58";"14201.93";"OOS1";"TrailingStop";"-3.84";"200.40";"1d 7h 19m";""
"61";"NAS100_DukasM1_Infinox";"Buy";"2018.12.28 02:00:00";"6275.77";"0.4";"2019.01.02 06:03:00";"6265.15";"-7.04";"14194.89";"OOS1";"TrailingStop";"-18.00";"45.48";"5d 4h 3m";""
"62";"NAS100_DukasM1_Infinox";"Buy";"2019.01.02 19:00:00";"6313.87";"0.57";"2019.01.03 01:05:00";"6278.05";"-21.22";"14173.67";"OOS1";"TrailingStop";"-62.02";"47.70";"6h 5m";""
"63";"NAS100_DukasM1_Infinox";"Buy";"2019.01.03 15:00:00";"6234.16";"0.65";"2019.01.03 22:10:00";"6153.72";"-52.29";"14121.39";"OOS1";"TrailingStop";"-52.29";"36.67";"7h 10m";""
"64";"NAS100_DukasM1_Infinox";"Buy";"2019.01.04 10:00:00";"6234.66";"0.64";"2019.01.08 17:48:00";"6470.86";"147.62";"14269.01";"OOS1";"TrailingStop";"-12.16";"216.20";"4d 7h 48m";""
"1";"NAS100_DukasM1_Infinox";"Buy";"2019.03.13 14:00:00";"7229.97";"1.63";"2019.03.14 15:46:00";"7239.30";"12.59";"14281.60";"OOS1";"TrailingStop";"-11.75";"102.53";"1d 1h 46m";""
"2";"NAS100_DukasM1_Infinox";"Buy";"2019.05.06 15:00:00";"7694.86";"0.86";"2019.05.07 14:57:00";"7714.03";"15.02";"14296.61";"OOS1";"TrailingStop";"-28.20";"94.26";"23h 57m";""
"3";"NAS100_DukasM1_Infinox";"Buy";"2019.05.08 06:00:00";"7670.77";"0.75";"2019.05.09 15:50:00";"7537.14";"-101.50";"14195.11";"OOS1";"SL";"-100.22";"11.02";"1d 9h 50m";""
"4";"NAS100_DukasM1_Infinox";"Buy";"2019.05.09 17:00:00";"7515.57";"0.82";"2019.05.10 06:59:00";"7530.56";"10.92";"14206.03";"OOS1";"TrailingStop";"-36.33";"102.83";"13h 59m";""
"5";"NAS100_DukasM1_Infinox";"Buy";"2019.05.13 02:00:00";"7524.97";"0.52";"2019.05.13 18:17:00";"7334.05";"-99.28";"14106.75";"OOS1";"SL";"-99.28";"4.67";"16h 17m";""
"6";"NAS100_DukasM1_Infinox";"Buy";"2019.05.14 05:00:00";"7350.77";"0.64";"2019.05.15 15:18:00";"7367.96";"9.96";"14116.71";"OOS1";"TrailingStop";"-9.93";"62.84";"1d 10h 18m";""
"7";"NAS100_DukasM1_Infinox";"Buy";"2019.05.15 22:00:00";"7511.96";"0.75";"2019.05.17 11:31:00";"7536.65";"16.01";"14132.72";"OOS1";"TrailingStop";"-40.42";"86.48";"1d 13h 31m";""
"8";"NAS100_DukasM1_Infinox";"Buy";"2019.05.17 20:00:00";"7559.56";"0.76";"2019.05.20 11:54:00";"7474.99";"-68.10";"14064.62";"OOS1";"TrailingStop";"-64.27";"9.13";"2d 15h 54m";""
"9";"NAS100_DukasM1_Infinox";"Buy";"2019.05.21 21:00:00";"7465.87";"0.9";"2019.05.23 09:41:00";"7354.37";"-103.34";"13961.28";"OOS1";"SL";"-100.35";"6.56";"1d 12h 41m";""
"10";"NAS100_DukasM1_Infinox";"Buy";"2019.05.23 18:00:00";"7324.07";"0.99";"2019.05.24 22:57:00";"7297.14";"-28.27";"13933.01";"OOS1";"TrailingStop";"-66.14";"46.03";"1d 4h 57m";""
"11";"NAS100_DukasM1_Infinox";"Buy";"2019.05.27 12:00:00";"7313.57";"1.24";"2019.05.28 11:12:00";"7299.79";"-19.10";"13913.91";"OOS1";"TrailingStop";"-19.36";"38.31";"23h 12m";""
"12";"NAS100_DukasM1_Infinox";"Buy";"2019.05.28 22:00:00";"7304.36";"1.14";"2019.05.29 10:14:00";"7215.92";"-102.67";"13811.24";"OOS1";"SL";"-100.82";"0.00";"12h 14m";""
"13";"NAS100_DukasM1_Infinox";"Buy";"2019.05.29 15:00:00";"7231.76";"1.24";"2019.05.31 02:41:00";"7195.75";"-48.64";"13762.60";"OOS1";"TrailingStop";"-69.55";"40.05";"1d 11h 41m";""
"14";"NAS100_DukasM1_Infinox";"Buy";"2019.05.31 19:00:00";"7171.16";"0.98";"2019.06.03 03:02:00";"7068.98";"-104.82";"13657.78";"OOS1";"SL";"-100.14";"1.77";"2d 8h 2m";""
"15";"NAS100_DukasM1_Infinox";"Buy";"2019.06.03 12:00:00";"7083.57";"1.07";"2019.06.03 16:59:00";"7046.85";"-39.29";"13618.49";"OOS1";"TrailingStop";"-39.29";"45.15";"4h 59m";""
"16";"NAS100_DukasM1_Infinox";"Buy";"2019.06.04 09:00:00";"6996.56";"0.9";"2019.06.05 17:26:00";"7167.63";"152.56";"13771.05";"OOS1";"TrailingStop";"-15.84";"217.72";"1d 8h 26m";""
"17";"NAS100_DukasM1_Infinox";"Buy";"2019.06.06 07:00:00";"7225.66";"0.92";"2019.06.10 21:15:00";"7500.33";"246.79";"14017.84";"OOS1";"TrailingStop";"-25.20";"320.25";"4d 14h 15m";""
"18";"NAS100_DukasM1_Infinox";"Buy";"2019.06.11 14:00:00";"7559.16";"1.26";"2019.06.11 18:33:00";"7522.33";"-46.41";"13971.43";"OOS1";"TrailingStop";"-46.41";"45.99";"4h 33m";""
"19";"NAS100_DukasM1_Infinox";"Buy";"2019.07.24 20:00:00";"7977.57";"1.3";"2019.07.25 16:06:00";"7970.31";"-11.74";"13959.69";"OOS1";"TrailingStop";"-15.09";"74.62";"20h 6m";""
"20";"NAS100_DukasM1_Infinox";"Buy";"2019.08.05 06:00:00";"7592.47";"0.6";"2019.08.05 16:43:00";"7492.99";"-59.69";"13900.00";"OOS1";"TrailingStop";"-59.69";"7.86";"10h 43m";""
"21";"NAS100_DukasM1_Infinox";"Buy";"2019.08.06 09:00:00";"7408.46";"0.46";"2019.08.07 15:50:00";"7444.84";"15.98";"13915.98";"OOS1";"TrailingStop";"-5.43";"69.97";"1d 6h 50m";""
"22";"NAS100_DukasM1_Infinox";"Buy";"2019.08.07 16:00:00";"7431.96";"0.58";"2019.08.09 17:32:00";"7623.98";"109.46";"14025.44";"OOS1";"TrailingStop";"-29.98";"173.60";"2d 1h 32m";""
"23";"NAS100_DukasM1_Infinox";"Buy";"2019.08.13 02:00:00";"7568.46";"0.73";"2019.08.14 13:25:00";"7647.79";"56.68";"14082.12";"OOS1";"TrailingStop";"-46.35";"155.13";"1d 11h 25m";""
"24";"NAS100_DukasM1_Infinox";"Buy";"2019.08.15 05:00:00";"7518.26";"0.65";"2019.08.15 12:46:00";"7444.55";"-47.91";"14034.21";"OOS1";"TrailingStop";"-47.91";"15.61";"7h 46m";""
"25";"NAS100_DukasM1_Infinox";"Buy";"2019.08.20 13:00:00";"7728.16";"1.18";"2019.08.22 12:22:00";"7704.53";"-31.94";"14002.27";"OOS1";"TrailingStop";"-101.48";"50.86";"1d 23h 22m";""
"26";"NAS100_DukasM1_Infinox";"Buy";"2019.08.28 11:00:00";"7567.96";"0.87";"2019.08.30 17:21:00";"7695.70";"108.21";"14110.48";"OOS1";"TrailingStop";"-61.33";"169.40";"2d 6h 21m";""
"27";"NAS100_DukasM1_Infinox";"Buy";"2019.09.02 11:00:00";"7663.36";"0.97";"2019.09.02 18:49:00";"7612.78";"-49.06";"14061.42";"OOS1";"TrailingStop";"-49.06";"24.93";"7h 49m";""
"28";"NAS100_DukasM1_Infinox";"Buy";"2019.09.05 06:00:00";"7814.77";"0.94";"2019.09.09 19:15:00";"7832.15";"9.81";"14071.22";"OOS1";"TrailingStop";"-49.17";"69.56";"4d 13h 15m";""
"29";"NAS100_DukasM1_Infinox";"Buy";"2019.09.27 07:00:00";"7745.67";"1.03";"2019.09.27 17:02:00";"7734.60";"-11.40";"14059.82";"OOS1";"TrailingStop";"-11.40";"57.99";"10h 2m";""
"30";"NAS100_DukasM1_Infinox";"Buy";"2019.09.30 07:00:00";"7728.07";"0.85";"2019.10.01 17:09:00";"7758.13";"24.09";"14083.91";"OOS1";"TrailingStop";"-32.13";"80.06";"1d 10h 9m";""
"31";"NAS100_DukasM1_Infinox";"Buy";"2019.10.02 08:00:00";"7694.36";"1.07";"2019.10.02 16:35:00";"7600.56";"-100.37";"13983.55";"OOS1";"SL";"-100.37";"7.18";"8h 35m";""
"32";"NAS100_DukasM1_Infinox";"Buy";"2019.10.03 03:00:00";"7546.36";"0.85";"2019.10.03 17:00:00";"7499.14";"-40.14";"13943.41";"OOS1";"TrailingStop";"-40.14";"22.27";"14h 0m";""
"33";"NAS100_DukasM1_Infinox";"Buy";"2019.10.04 21:00:00";"7722.86";"0.89";"2019.10.08 12:23:00";"7712.21";"-15.59";"13927.82";"OOS1";"TrailingStop";"-34.35";"55.89";"3d 15h 23m";""
"34";"NAS100_DukasM1_Infinox";"Buy";"2019.10.10 13:00:00";"7679.17";"0.7";"2019.10.14 12:21:00";"7815.11";"90.38";"14018.20";"OOS1";"TrailingStop";"-14.14";"158.12";"3d 23h 21m";""
"35";"NAS100_DukasM1_Infinox";"Buy";"2019.10.14 20:00:00";"7845.26";"0.94";"2019.10.16 17:04:00";"7895.59";"44.03";"14062.24";"OOS1";"TrailingStop";"-8.55";"108.66";"1d 21h 4m";""
"36";"NAS100_DukasM1_Infinox";"Buy";"2019.11.25 05:00:00";"8304.76";"1.4";"2019.11.28 01:15:00";"8414.89";"146.43";"14208.67";"OOS1";"TrailingStop";"-14.69";"206.09";"2d 20h 15m";""
"37";"NAS100_DukasM1_Infinox";"Buy";"2019.12.05 14:00:00";"8329.56";"1.34";"2019.12.09 21:04:00";"8378.38";"55.50";"14264.16";"OOS1";"TrailingStop";"-81.32";"126.24";"4d 7h 4m";""
"38";"NAS100_DukasM1_Infinox";"Buy";"2019.12.10 11:00:00";"8323.47";"1.71";"2019.12.12 15:03:00";"8385.10";"99.06";"14363.23";"OOS1";"TrailingStop";"-54.05";"172.37";"2d 4h 3m";""
"39";"NAS100_DukasM1_Infinox";"Buy";"2020.01.30 16:00:00";"9052.06";"0.83";"2020.01.31 12:33:00";"9133.01";"65.52";"14428.74";"OOS1";"TrailingStop";"-29.13";"156.13";"20h 33m";""
"40";"NAS100_DukasM1_Infinox";"Buy";"2020.02.05 16:00:00";"9452.74";"0.74";"2020.02.05 17:40:00";"9317.11";"-100.37";"14328.38";"OOS1";"SL";"-100.37";"0.00";"1h 40m";""
"41";"NAS100_DukasM1_Infinox";"Buy";"2020.02.06 07:00:00";"9437.72";"0.71";"2020.02.07 16:34:00";"9377.24";"-44.43";"14283.95";"OOS1";"TrailingStop";"-59.43";"15.31";"1d 9h 34m";""
"42";"NAS100_DukasM1_Infinox";"Buy";"2020.02.26 08:00:00";"8914.58";"0.37";"2020.02.27 01:42:00";"8788.52";"-47.38";"14236.57";"OOS1";"TrailingStop";"-78.35";"43.26";"17h 42m";""
"43";"NAS100_DukasM1_Infinox";"Buy";"2020.02.27 13:00:00";"8751.75";"0.33";"2020.02.27 17:30:00";"8559.56";"-63.42";"14173.15";"OOS1";"TrailingStop";"-63.42";"13.67";"4h 30m";""
"44";"NAS100_DukasM1_Infinox";"Buy";"2020.02.28 12:00:00";"8209.23";"0.24";"2020.03.03 20:43:00";"8631.77";"99.66";"14272.81";"OOS1";"TrailingStop";"-21.05";"190.27";"4d 8h 43m";""
"45";"NAS100_DukasM1_Infinox";"Buy";"2020.03.04 08:00:00";"8706.55";"0.24";"2020.03.05 12:59:00";"8710.73";"0.54";"14273.35";"OOS1";"TrailingStop";"-9.89";"58.29";"1d 4h 59m";""
"46";"NAS100_DukasM1_Infinox";"Buy";"2020.03.06 18:00:00";"8513.11";"0.31";"2020.03.09 01:05:00";"8283.10";"-73.06";"14200.29";"OOS1";"TrailingStop";"-119.68";"18.08";"2d 7h 5m";""
"47";"NAS100_DukasM1_Infinox";"Buy";"2020.03.09 17:00:00";"8066.20";"0.28";"2020.03.09 21:59:00";"7950.42";"-32.42";"14167.87";"OOS1";"TrailingStop";"-32.42";"49.79";"4h 59m";""
"48";"NAS100_DukasM1_Infinox";"Buy";"2020.03.11 05:00:00";"8167.52";"0.21";"2020.03.11 21:05:00";"7942.23";"-47.31";"14120.56";"OOS1";"TrailingStop";"-47.31";"17.44";"16h 5m";""
"49";"NAS100_DukasM1_Infinox";"Buy";"2020.03.12 15:30:00";"7517.78";"0.23";"2020.03.12 21:59:00";"7271.21";"-56.71";"14063.84";"OOS1";"TrailingStop";"-56.71";"67.83";"6h 29m";""
"50";"NAS100_DukasM1_Infinox";"Buy";"2020.03.13 10:00:00";"7542.31";"0.15";"2020.03.16 15:46:00";"7096.11";"-67.68";"13996.16";"OOS1";"TrailingStop";"-66.93";"65.58";"3d 5h 46m";""
"51";"NAS100_DukasM1_Infinox";"Buy";"2020.03.17 13:00:00";"7303.20";"0.12";"2020.03.18 19:33:00";"6892.05";"-49.53";"13946.63";"OOS1";"TrailingStop";"-49.34";"30.44";"1d 6h 33m";""
"52";"NAS100_DukasM1_Infinox";"Buy";"2020.03.19 17:00:00";"7259.42";"0.13";"2020.03.20 18:07:00";"7253.42";"-0.99";"13945.64";"OOS1";"TrailingStop";"-15.37";"50.15";"1d 1h 7m";""
"53";"NAS100_DukasM1_Infinox";"Buy";"2020.03.23 10:00:00";"6794.30";"0.18";"2020.03.23 17:43:00";"6783.01";"-2.03";"13943.61";"OOS1";"TrailingStop";"-10.63";"96.11";"7h 43m";""
"54";"NAS100_DukasM1_Infinox";"Buy";"2020.03.24 06:00:00";"7163.11";"0.16";"2020.03.26 04:12:00";"7374.08";"33.25";"13976.85";"OOS1";"TrailingStop";"-3.72";"98.10";"1d 22h 12m";""
"55";"NAS100_DukasM1_Infinox";"Buy";"2020.03.26 14:00:00";"7370.09";"0.23";"2020.03.27 15:48:00";"7596.07";"51.60";"14028.45";"OOS1";"TrailingStop";"-10.30";"123.81";"1d 1h 48m";""
"56";"NAS100_DukasM1_Infinox";"Buy";"2020.03.27 22:00:00";"7591.90";"0.24";"2020.04.01 01:09:00";"7757.80";"37.79";"14066.24";"OOS1";"TrailingStop";"-43.26";"100.42";"4d 3h 9m";""
"57";"NAS100_DukasM1_Infinox";"Buy";"2020.04.01 15:00:00";"7589.22";"0.35";"2020.04.01 22:10:00";"7470.31";"-41.62";"14024.62";"OOS1";"TrailingStop";"-41.62";"39.47";"7h 10m";""
"1";"NAS100_DukasM1_Infinox";"Buy";"2020.07.01 08:00:00";"10141.57";"0.77";"2020.07.02 22:54:00";"10336.37";"148.26";"14172.88";"OOS1";"TrailingStop";"-42.01";"225.11";"1d 14h 54m";""
"2";"NAS100_DukasM1_Infinox";"Buy";"2020.07.29 17:00:00";"10612.37";"0.74";"2020.07.30 10:30:00";"10588.58";"-19.35";"14153.53";"OOS1";"TrailingStop";"-17.60";"73.40";"17h 30m";""
"3";"NAS100_DukasM1_Infinox";"Buy";"2020.07.31 03:00:00";"10917.68";"0.5";"2020.07.31 16:39:00";"10796.85";"-60.42";"14093.12";"OOS1";"TrailingStop";"-60.42";"15.61";"13h 39m";""
"4";"NAS100_DukasM1_Infinox";"Buy";"2020.09.09 14:00:00";"11264.09";"0.33";"2020.09.10 21:12:00";"11293.08";"8.74";"14101.86";"OOS1";"TrailingStop";"-24.52";"100.88";"1d 7h 12m";""
"5";"NAS100_DukasM1_Infinox";"Buy";"2020.09.14 12:00:00";"11218.09";"0.41";"2020.09.16 16:50:00";"11417.57";"79.74";"14181.60";"OOS1";"TrailingStop";"-13.48";"135.00";"2d 4h 50m";""
"6";"NAS100_DukasM1_Infinox";"Buy";"2020.09.17 21:00:00";"11023.05";"0.35";"2020.09.18 17:52:00";"10986.75";"-13.56";"14168.04";"OOS1";"TrailingStop";"-21.78";"52.94";"20h 52m";""
"7";"NAS100_DukasM1_Infinox";"Buy";"2020.09.21 18:00:00";"10736.40";"0.34";"2020.09.23 17:06:00";"11080.74";"115.45";"14283.49";"OOS1";"TrailingStop";"-7.94";"170.31";"1d 23h 6m";""
"8";"NAS100_DukasM1_Infinox";"Buy";"2020.09.24 19:00:00";"10974.51";"0.34";"2020.09.29 17:34:00";"11330.81";"117.00";"14400.49";"OOS1";"TrailingStop";"-50.59";"164.76";"4d 22h 34m";""
"9";"NAS100_DukasM1_Infinox";"Buy";"2020.10.09 19:00:00";"11691.28";"0.86";"2020.10.13 16:38:00";"12077.40";"323.13";"14723.62";"OOS1";"TrailingStop";"-14.97";"485.07";"3d 21h 38m";""
"10";"NAS100_DukasM1_Infinox";"Buy";"2020.10.22 13:00:00";"11669.11";"0.54";"2020.10.22 17:33:00";"11552.93";"-62.74";"14660.88";"OOS1";"TrailingStop";"-62.74";"35.42";"4h 33m";""
"11";"NAS100_DukasM1_Infinox";"Buy";"2020.10.23 03:00:00";"11676.75";"0.52";"2020.10.23 18:39:00";"11576.60";"-52.08";"14608.80";"OOS1";"TrailingStop";"-52.08";"13.18";"15h 39m";""
"12";"NAS100_DukasM1_Infinox";"Buy";"2020.10.27 09:00:00";"11549.02";"0.64";"2020.10.28 10:16:00";"11488.98";"-40.07";"14568.73";"OOS1";"TrailingStop";"-38.43";"54.96";"1d 1h 16m";""
"13";"NAS100_DukasM1_Infinox";"Buy";"2020.10.29 11:00:00";"11262.12";"0.57";"2020.10.30 01:05:00";"11262.80";"-1.04";"14567.69";"OOS1";"TrailingStop";"-60.63";"117.79";"14h 5m";""
"14";"NAS100_DukasM1_Infinox";"Buy";"2020.11.02 07:00:00";"11068.37";"0.4";"2020.11.02 19:42:00";"11032.93";"-14.18";"14553.52";"OOS1";"TrailingStop";"-14.18";"62.86";"12h 42m";""
"15";"NAS100_DukasM1_Infinox";"Buy";"2020.11.03 18:00:00";"11347.61";"0.47";"2020.11.04 09:38:00";"11405.67";"26.10";"14579.62";"OOS1";"TrailingStop";"-57.53";"201.98";"15h 38m";""
"16";"NAS100_DukasM1_Infinox";"Buy";"2020.11.26 13:00:00";"12190.52";"1.02";"2020.11.26 19:48:00";"12127.43";"-64.35";"14515.27";"OOS1";"TrailingStop";"-64.35";"24.49";"6h 48m";""
"17";"NAS100_DukasM1_Infinox";"Buy";"2020.12.14 05:00:00";"12417.49";"0.69";"2020.12.15 04:22:00";"12432.61";"8.53";"14523.80";"OOS1";"TrailingStop";"-21.71";"88.06";"23h 22m";""
"18";"NAS100_DukasM1_Infinox";"Buy";"2021.01.07 03:00:00";"12709.83";"0.4";"2021.01.11 16:14:00";"12970.04";"99.56";"14623.36";"OOS1";"TrailingStop";"-16.06";"166.90";"4d 13h 14m";""
"19";"NAS100_DukasM1_Infinox";"Buy";"2021.01.20 16:00:00";"13129.33";"0.97";"2021.01.21 16:41:00";"13296.55";"159.37";"14782.73";"OOS1";"TrailingStop";"-2.21";"260.48";"1d 0h 41m";""
"20";"NAS100_DukasM1_Infinox";"Buy";"2021.02.01 07:00:00";"12964.50";"0.3";"2021.02.03 17:14:00";"13457.27";"146.10";"14928.84";"OOS1";"TrailingStop";"-6.93";"187.90";"2d 10h 14m";""
"21";"NAS100_DukasM1_Infinox";"Buy";"2021.02.23 08:00:00";"13313.99";"0.52";"2021.02.23 11:03:00";"13179.72";"-69.82";"14859.02";"OOS1";"TrailingStop";"-69.82";"1.77";"3h 3m";""
"22";"NAS100_DukasM1_Infinox";"Buy";"2021.02.26 17:00:00";"12885.32";"0.26";"2021.03.02 17:45:00";"13141.77";"63.70";"14922.71";"OOS1";"TrailingStop";"-32.78";"115.75";"4d 0h 45m";""
"23";"NAS100_DukasM1_Infinox";"Buy";"2021.03.04 16:00:00";"12679.39";"0.4";"2021.03.04 19:50:00";"12514.85";"-65.82";"14856.90";"OOS1";"TrailingStop";"-65.82";"49.19";"3h 50m";""
"24";"NAS100_DukasM1_Infinox";"Buy";"2021.03.05 18:00:00";"12346.29";"0.26";"2021.03.08 22:03:00";"12372.39";"4.65";"14861.54";"OOS1";"TrailingStop";"-34.56";"108.30";"3d 4h 3m";""
"25";"NAS100_DukasM1_Infinox";"Buy";"2021.03.09 16:00:00";"12600.98";"0.33";"2021.03.12 09:19:00";"12923.88";"103.78";"14965.33";"OOS1";"TrailingStop";"-6.14";"171.41";"2d 17h 19m";""
"26";"NAS100_DukasM1_Infinox";"Buy";"2021.03.15 04:00:00";"13003.29";"0.47";"2021.03.16 20:06:00";"13157.46";"71.10";"15036.43";"OOS1";"TrailingStop";"-61.23";"138.31";"1d 16h 6m";""
"27";"NAS100_DukasM1_Infinox";"Buy";"2021.03.29 13:00:00";"12948.98";"0.47";"2021.03.30 16:42:00";"12834.00";"-55.39";"14981.04";"OOS1";"TrailingStop";"-54.61";"31.78";"1d 3h 42m";""
"28";"NAS100_DukasM1_Infinox";"Buy";"2021.04.23 19:00:00";"13936.82";"0.72";"2021.04.27 16:47:00";"13981.04";"22.92";"15003.96";"OOS1";"TrailingStop";"-45.32";"87.24";"3d 21h 47m";""
"29";"NAS100_DukasM1_Infinox";"Buy";"2021.05.05 09:00:00";"13573.79";"0.67";"2021.05.05 22:10:00";"13525.20";"-32.56";"14971.40";"OOS1";"TrailingStop";"-32.56";"69.63";"13h 10m";""
"30";"NAS100_DukasM1_Infinox";"Buy";"2021.05.06 21:00:00";"13505.47";"0.51";"2021.05.10 10:30:00";"13650.77";"67.98";"15039.38";"OOS1";"TrailingStop";"-14.09";"161.67";"3d 13h 30m";""
"31";"NAS100_DukasM1_Infinox";"Buy";"2021.05.11 18:00:00";"13222.74";"0.41";"2021.05.12 15:30:00";"13159.63";"-27.08";"15012.30";"OOS1";"TrailingStop";"-25.88";"66.14";"21h 30m";""
"32";"NAS100_DukasM1_Infinox";"Buy";"2021.05.13 15:00:00";"13062.42";"0.43";"2021.05.13 20:32:00";"13024.90";"-16.13";"14996.17";"OOS1";"TrailingStop";"-16.13";"71.46";"5h 32m";""
"33";"NAS100_DukasM1_Infinox";"Buy";"2021.05.14 22:00:00";"13423.80";"0.51";"2021.05.17 19:15:00";"13227.63";"-104.61";"14891.56";"OOS1";"SL";"-100.05";"14.27";"2d 21h 15m";""
"34";"NAS100_DukasM1_Infinox";"Buy";"2021.05.18 12:00:00";"13408.58";"0.69";"2021.05.18 21:33:00";"13306.30";"-70.57";"14820.98";"OOS1";"TrailingStop";"-70.57";"10.08";"9h 33m";""
"35";"NAS100_DukasM1_Infinox";"Buy";"2021.05.19 21:00:00";"13171.95";"0.48";"2021.05.21 18:54:00";"13435.44";"123.67";"14944.65";"OOS1";"TrailingStop";"-29.99";"192.22";"1d 21h 54m";""
"36";"NAS100_DukasM1_Infinox";"Buy";"2021.05.24 18:00:00";"13643.03";"0.66";"2021.05.25 17:34:00";"13637.37";"-5.74";"14938.91";"OOS1";"TrailingStop";"-8.15";"63.07";"23h 34m";""
"1";"NAS100_DukasM1_Infinox";"Buy";"2021.06.08 04:00:00";"13847.22";"0.84";"2021.06.08 18:04:00";"13797.35";"-41.89";"14897.02";"OOS1";"TrailingStop";"-51.17";"59.87";"14h 4m";""
"2";"NAS100_DukasM1_Infinox";"Buy";"2021.07.22 02:00:00";"14845.43";"0.66";"2021.07.23 16:35:00";"14946.61";"64.60";"14961.62";"OOS1";"TrailingStop";"-4.15";"118.84";"1d 14h 35m";""
"3";"NAS100_DukasM1_Infinox";"Buy";"2021.07.30 20:00:00";"14988.48";"0.58";"2021.08.02 16:44:00";"14968.48";"-17.40";"14944.23";"OOS1";"TrailingStop";"-30.54";"44.50";"2d 20h 44m";""
"4";"NAS100_DukasM1_Infinox";"Buy";"2021.08.16 11:00:00";"15116.03";"1.25";"2021.08.16 16:54:00";"15035.59";"-100.55";"14843.68";"OOS1";"SL";"-100.55";"5.82";"5h 54m";""
"5";"NAS100_DukasM1_Infinox";"Buy";"2021.08.23 06:00:00";"15145.61";"0.65";"2021.08.24 15:24:00";"15312.84";"106.51";"14950.19";"OOS1";"TrailingStop";"-18.58";"155.93";"1d 9h 24m";""
"6";"NAS100_DukasM1_Infinox";"Buy";"2021.09.14 14:00:00";"15434.77";"0.75";"2021.09.14 21:19:00";"15386.19";"-36.43";"14913.75";"OOS1";"TrailingStop";"-36.44";"69.27";"7h 19m";""
"7";"NAS100_DukasM1_Infinox";"Buy";"2021.09.15 08:00:00";"15416.41";"0.67";"2021.09.15 16:41:00";"15344.04";"-48.49";"14865.27";"OOS1";"TrailingStop";"-48.49";"14.32";"8h 41m";""
"8";"NAS100_DukasM1_Infinox";"Buy";"2021.09.17 07:00:00";"15521.39";"0.82";"2021.09.17 16:30:00";"15456.07";"-53.56";"14811.71";"OOS1";"TrailingStop";"-53.56";"11.67";"9h 30m";""
"9";"NAS100_DukasM1_Infinox";"Buy";"2021.09.20 14:00:00";"15168.23";"0.61";"2021.09.20 17:47:00";"15005.54";"-99.24";"14712.46";"OOS1";"SL";"-99.24";"3.71";"3h 47m";""
"10";"NAS100_DukasM1_Infinox";"Buy";"2021.09.21 02:00:00";"15011.69";"0.4";"2021.09.21 17:49:00";"15008.26";"-1.37";"14711.09";"OOS1";"TrailingStop";"-8.83";"63.72";"15h 49m";""
"11";"NAS100_DukasM1_Infinox";"Buy";"2021.09.22 19:00:00";"15186.86";"0.47";"2021.09.24 11:15:00";"15223.91";"14.24";"14725.33";"OOS1";"TrailingStop";"-41.00";"79.73";"1d 16h 15m";""
"12";"NAS100_DukasM1_Infinox";"Buy";"2021.09.24 23:00:00";"15332.40";"0.58";"2021.09.27 12:34:00";"15312.04";"-17.74";"14707.59";"OOS1";"TrailingStop";"-11.81";"46.39";"2d 13h 34m";""
"13";"NAS100_DukasM1_Infinox";"Buy";"2021.09.30 19:00:00";"14764.40";"0.41";"2021.10.01 04:08:00";"14624.19";"-58.83";"14648.76";"OOS1";"TrailingStop";"-57.49";"31.08";"9h 8m";""
"14";"NAS100_DukasM1_Infinox";"Buy";"2021.10.01 16:00:00";"14715.66";"0.42";"2021.10.04 10:27:00";"14653.45";"-30.25";"14618.52";"OOS1";"TrailingStop";"-69.69";"54.07";"2d 18h 27m";""
"15";"NAS100_DukasM1_Infinox";"Buy";"2021.10.05 08:00:00";"14514.15";"0.39";"2021.10.06 04:51:00";"14591.89";"29.06";"14647.58";"OOS1";"TrailingStop";"-19.51";"98.34";"20h 51m";""
"16";"NAS100_DukasM1_Infinox";"Buy";"2021.10.06 23:00:00";"14766.34";"0.34";"2021.10.08 08:12:00";"14865.47";"31.47";"14679.05";"OOS1";"TrailingStop";"-2.38";"83.02";"1d 9h 12m";""
"17";"NAS100_DukasM1_Infinox";"Buy";"2021.10.08 17:00:00";"14860.47";"0.49";"2021.10.11 02:39:00";"14722.68";"-72.37";"14606.68";"OOS1";"TrailingStop";"-67.52";"29.13";"2d 9h 39m";""
"18";"NAS100_DukasM1_Infinox";"Buy";"2021.10.13 14:00:00";"14726.49";"0.53";"2021.10.18 10:23:00";"15051.18";"163.41";"14770.09";"OOS1";"TrailingStop";"-35.15";"237.45";"4d 20h 23m";""
"19";"NAS100_DukasM1_Infinox";"Buy";"2021.11.16 12:00:00";"16183.11";"0.79";"2021.11.17 19:54:00";"16306.22";"94.42";"14864.51";"OOS1";"TrailingStop";"-26.36";"171.57";"1d 7h 54m";""
"20";"NAS100_DukasM1_Infinox";"Buy";"2021.12.01 05:00:00";"16314.52";"0.33";"2021.12.01 20:08:00";"16216.29";"-32.42";"14832.09";"OOS1";"TrailingStop";"-32.42";"38.14";"15h 8m";""
"21";"NAS100_DukasM1_Infinox";"Buy";"2021.12.06 13:00:00";"15600.42";"0.3";"2021.12.08 16:31:00";"16267.71";"198.11";"15030.20";"OOS1";"TrailingStop";"-12.46";"250.32";"2d 3h 31m";""
"22";"NAS100_DukasM1_Infinox";"Buy";"2021.12.09 05:00:00";"16410.66";"0.5";"2021.12.09 20:50:00";"16212.91";"-98.87";"14931.32";"OOS1";"SL";"-98.88";"4.67";"15h 50m";""
"23";"NAS100_DukasM1_Infinox";"Buy";"2021.12.16 02:00:00";"16325.63";"0.31";"2021.12.16 16:37:00";"16273.97";"-16.01";"14915.31";"OOS1";"TrailingStop";"-16.01";"40.85";"14h 37m";""
"24";"NAS100_DukasM1_Infinox";"Buy";"2021.12.17 14:00:00";"15765.63";"0.33";"2021.12.20 04:00:00";"15661.19";"-37.93";"14877.37";"OOS1";"TrailingStop";"-36.40";"64.41";"2d 14h 0m";""
"25";"NAS100_DukasM1_Infinox";"Buy";"2021.12.22 13:00:00";"15966.67";"0.46";"2021.12.28 16:31:00";"16569.49";"267.50";"15144.88";"OOS1";"TrailingStop";"-23.84";"319.29";"6d 3h 31m";""
"26";"NAS100_DukasM1_Infinox";"Buy";"2022.01.10 10:00:00";"15663.63";"0.35";"2022.01.10 14:59:00";"15384.81";"-97.59";"15047.29";"OOS1";"SL";"-97.59";"1.46";"4h 59m";""
"27";"NAS100_DukasM1_Infinox";"Buy";"2022.01.13 14:00:00";"15888.68";"0.46";"2022.01.13 17:45:00";"15805.13";"-38.43";"15008.86";"OOS1";"TrailingStop";"-38.43";"46.00";"3h 45m";""
"28";"NAS100_DukasM1_Infinox";"Buy";"2022.01.14 14:00:00";"15480.70";"0.38";"2022.01.18 05:49:00";"15465.64";"-10.95";"14997.91";"OOS1";"TrailingStop";"-59.97";"68.76";"3d 15h 49m";""
"29";"NAS100_DukasM1_Infinox";"Buy";"2022.01.19 02:00:00";"15207.13";"0.35";"2022.01.19 17:47:00";"15189.18";"-6.28";"14991.62";"OOS1";"TrailingStop";"-50.41";"61.24";"15h 47m";""
"30";"NAS100_DukasM1_Infinox";"Buy";"2022.01.20 19:00:00";"15295.31";"0.32";"2022.01.20 22:23:00";"14990.86";"-97.42";"14894.20";"OOS1";"SL";"-97.42";"4.96";"3h 23m";""
"31";"NAS100_DukasM1_Infinox";"Buy";"2022.01.21 19:00:00";"14709.67";"0.24";"2022.01.24 14:52:00";"14294.45";"-102.01";"14792.19";"OOS1";"SL";"-99.65";"10.49";"2d 19h 52m";""
"32";"NAS100_DukasM1_Infinox";"Buy";"2022.01.25 03:00:00";"14354.61";"0.17";"2022.01.26 01:05:00";"14019.91";"-57.44";"14734.75";"OOS1";"TrailingStop";"-66.02";"10.19";"22h 5m";""
"33";"NAS100_DukasM1_Infinox";"Buy";"2022.01.26 14:00:00";"14477.84";"0.2";"2022.01.26 21:48:00";"14222.76";"-51.02";"14683.74";"OOS1";"TrailingStop";"-51.02";"35.31";"7h 48m";""
"34";"NAS100_DukasM1_Infinox";"Buy";"2022.01.27 18:00:00";"14310.84";"0.17";"2022.02.01 17:05:00";"14766.82";"74.81";"14758.55";"OOS1";"TrailingStop";"-79.57";"113.94";"4d 23h 5m";""
"35";"NAS100_DukasM1_Infinox";"Buy";"2022.02.02 04:00:00";"15157.09";"0.31";"2022.02.02 16:43:00";"15097.58";"-18.45";"14740.10";"OOS1";"TrailingStop";"-18.45";"36.95";"12h 43m";""
"36";"NAS100_DukasM1_Infinox";"Buy";"2022.02.17 03:00:00";"14577.60";"0.36";"2022.02.17 16:47:00";"14427.64";"-53.99";"14686.12";"OOS1";"TrailingStop";"-53.99";"9.44";"13h 47m";""
"37";"NAS100_DukasM1_Infinox";"Buy";"2022.02.18 13:00:00";"14273.50";"0.43";"2022.02.18 18:01:00";"14040.42";"-100.22";"14585.89";"OOS1";"SL";"-100.22";"4.47";"5h 1m";""
"38";"NAS100_DukasM1_Infinox";"Buy";"2022.02.21 13:00:00";"13986.77";"0.3";"2022.02.22 01:05:00";"13662.66";"-98.17";"14487.73";"OOS1";"SL";"-115.85";"3.25";"12h 5m";""
"39";"NAS100_DukasM1_Infinox";"Buy";"2022.02.22 14:00:00";"13916.82";"0.28";"2022.02.22 20:49:00";"13775.69";"-39.52";"14448.21";"OOS1";"TrailingStop";"-39.52";"55.79";"6h 49m";""
"40";"NAS100_DukasM1_Infinox";"Buy";"2022.02.24 15:00:00";"13090.82";"0.23";"2022.02.28 01:05:00";"13863.37";"175.01";"14623.22";"OOS1";"TrailingStop";"-12.86";"255.87";"3d 10h 5m";""
"41";"NAS100_DukasM1_Infinox";"Buy";"2022.02.28 13:00:00";"14011.62";"0.21";"2022.03.01 18:56:00";"14025.87";"2.34";"14625.56";"OOS1";"TrailingStop";"-8.78";"67.22";"1d 5h 56m";""
"42";"NAS100_DukasM1_Infinox";"Buy";"2022.03.02 08:00:00";"14073.02";"0.28";"2022.03.03 17:23:00";"14149.58";"20.56";"14646.12";"OOS1";"TrailingStop";"-44.04";"89.87";"1d 9h 23m";""
"43";"NAS100_DukasM1_Infinox";"Buy";"2022.03.04 14:00:00";"13929.03";"0.28";"2022.03.07 01:05:00";"13703.97";"-65.62";"14580.50";"OOS1";"TrailingStop";"-82.38";"23.12";"2d 11h 5m";""
"44";"NAS100_DukasM1_Infinox";"Buy";"2022.03.09 20:00:00";"13727.01";"0.22";"2022.03.10 16:39:00";"13494.23";"-51.88";"14528.62";"OOS1";"TrailingStop";"-51.21";"15.46";"20h 39m";""
"45";"NAS100_DukasM1_Infinox";"Buy";"2022.03.11 04:00:00";"13514.20";"0.29";"2022.03.11 16:55:00";"13594.68";"23.34";"14551.96";"OOS1";"TrailingStop";"-16.39";"101.34";"12h 55m";""
"46";"NAS100_DukasM1_Infinox";"Buy";"2022.03.15 15:00:00";"13148.67";"0.3";"2022.03.16 20:05:00";"13625.57";"142.19";"14694.15";"OOS1";"TrailingStop";"-17.18";"215.77";"1d 5h 5m";""
"47";"NAS100_DukasM1_Infinox";"Buy";"2022.03.17 16:00:00";"13983.28";"0.3";"2022.03.21 16:15:00";"14261.28";"79.67";"14773.82";"OOS1";"TrailingStop";"-41.21";"146.92";"4d 0h 15m";""
"48";"NAS100_DukasM1_Infinox";"Buy";"2022.04.08 15:00:00";"14578.76";"0.43";"2022.04.08 16:51:00";"14347.46";"-99.46";"14674.37";"OOS1";"SL";"-99.46";"1.09";"1h 51m";""
"49";"NAS100_DukasM1_Infinox";"Buy";"2022.04.11 14:00:00";"14231.27";"0.37";"2022.04.12 03:47:00";"13961.15";"-101.11";"14573.25";"OOS1";"SL";"-99.94";"1.36";"13h 47m";""
"50";"NAS100_DukasM1_Infinox";"Buy";"2022.04.12 12:00:00";"14004.53";"0.41";"2022.04.12 19:25:00";"14068.97";"26.42";"14599.67";"OOS1";"TrailingStop";"-9.80";"112.08";"7h 25m";""
"51";"NAS100_DukasM1_Infinox";"Buy";"2022.04.13 20:00:00";"14184.81";"0.33";"2022.04.14 16:48:00";"14119.72";"-22.52";"14577.15";"OOS1";"TrailingStop";"-21.48";"34.61";"20h 48m";""
"52";"NAS100_DukasM1_Infinox";"Buy";"2022.04.18 13:00:00";"13796.10";"0.47";"2022.04.19 12:30:00";"13830.78";"14.86";"14592.01";"OOS1";"TrailingStop";"-4.68";"103.92";"23h 30m";""
"53";"NAS100_DukasM1_Infinox";"Buy";"2022.04.20 07:00:00";"14121.39";"0.37";"2022.04.20 16:45:00";"14118.61";"-1.03";"14590.98";"OOS1";"TrailingStop";"-21.45";"63.90";"9h 45m";""
"54";"NAS100_DukasM1_Infinox";"Buy";"2022.04.21 13:00:00";"14134.50";"0.4";"2022.04.21 18:40:00";"14032.42";"-40.83";"14550.15";"OOS1";"TrailingStop";"-40.83";"58.12";"5h 40m";""
"55";"NAS100_DukasM1_Infinox";"Buy";"2022.04.22 16:00:00";"13719.90";"0.37";"2022.04.22 20:38:00";"13455.73";"-97.74";"14452.41";"OOS1";"SL";"-97.74";"19.95";"4h 38m";""
"56";"NAS100_DukasM1_Infinox";"Buy";"2022.04.25 18:00:00";"13327.01";"0.28";"2022.04.26 16:35:00";"13359.89";"8.38";"14460.78";"OOS1";"TrailingStop";"-24.88";"70.51";"22h 35m";""
"57";"NAS100_DukasM1_Infinox";"Buy";"2022.04.27 12:00:00";"13129.12";"0.27";"2022.04.28 16:51:00";"13103.11";"-7.81";"14452.97";"OOS1";"TrailingStop";"-53.14";"58.40";"1d 4h 51m";""
"58";"NAS100_DukasM1_Infinox";"Buy";"2022.04.29 12:00:00";"13349.51";"0.28";"2022.04.29 17:46:00";"13185.76";"-45.85";"14407.12";"OOS1";"TrailingStop";"-45.85";"23.17";"5h 46m";""
"59";"NAS100_DukasM1_Infinox";"Buy";"2022.05.02 13:00:00";"12912.46";"0.29";"2022.05.04 17:14:00";"12966.06";"13.88";"14421.00";"OOS1";"TrailingStop";"-58.39";"78.83";"2d 4h 14m";""
"60";"NAS100_DukasM1_Infinox";"Buy";"2022.05.04 21:00:00";"13145.68";"0.34";"2022.05.05 16:19:00";"13349.89";"68.44";"14489.44";"OOS1";"TrailingStop";"-69.69";"139.47";"19h 19m";""
"61";"NAS100_DukasM1_Infinox";"Buy";"2022.05.06 13:00:00";"12818.59";"0.31";"2022.05.09 01:05:00";"12565.00";"-81.26";"14408.18";"OOS1";"TrailingStop";"-92.63";"34.37";"2d 12h 5m";""
"62";"NAS100_DukasM1_Infinox";"Buy";"2022.05.10 07:00:00";"12309.32";"0.26";"2022.05.10 18:04:00";"12236.24";"-19.00";"14389.18";"OOS1";"TrailingStop";"-19.00";"61.41";"11h 4m";""
"63";"NAS100_DukasM1_Infinox";"Buy";"2022.05.12 14:00:00";"11864.01";"0.24";"2022.05.12 20:47:00";"11751.56";"-26.99";"14362.19";"OOS1";"TrailingStop";"-41.70";"63.33";"6h 47m";""
"64";"NAS100_DukasM1_Infinox";"Buy";"2022.05.17 02:00:00";"12257.69";"0.27";"2022.05.18 16:09:00";"12355.04";"25.55";"14387.74";"OOS1";"TrailingStop";"-4.20";"89.32";"1d 14h 9m";""
"65";"NAS100_DukasM1_Infinox";"Buy";"2022.05.19 11:00:00";"11812.29";"0.33";"2022.05.20 17:51:00";"11858.09";"14.25";"14401.99";"OOS1";"TrailingStop";"-37.07";"92.34";"1d 6h 51m";""
"66";"NAS100_DukasM1_Infinox";"Buy";"2022.05.23 11:00:00";"11981.59";"0.29";"2022.05.24 09:38:00";"11780.62";"-59.05";"14342.93";"OOS1";"TrailingStop";"-58.28";"26.37";"22h 38m";""
"67";"NAS100_DukasM1_Infinox";"Buy";"2022.05.24 22:00:00";"11677.42";"0.28";"2022.05.25 14:27:00";"11684.77";"1.33";"14344.27";"OOS1";"TrailingStop";"-2.10";"59.05";"16h 27m";""
"68";"NAS100_DukasM1_Infinox";"Buy";"2022.05.26 08:00:00";"11868.83";"0.32";"2022.05.31 03:33:00";"12721.27";"268.56";"14612.83";"OOS1";"TrailingStop";"-8.85";"322.96";"4d 19h 33m";""
"69";"NAS100_DukasM1_Infinox";"Buy";"2022.06.15 14:00:00";"11384.57";"0.37";"2022.06.16 09:34:00";"11462.35";"27.84";"14640.67";"OOS1";"TrailingStop";"-16.41";"138.58";"19h 34m";""
"70";"NAS100_DukasM1_Infinox";"Buy";"2022.06.17 06:00:00";"11199.57";"0.31";"2022.06.22 04:36:00";"11481.79";"83.63";"14724.30";"OOS1";"TrailingStop";"-35.63";"136.63";"4d 22h 36m";""
"71";"NAS100_DukasM1_Infinox";"Buy";"2022.06.22 20:00:00";"11618.88";"0.35";"2022.06.23 02:25:00";"11446.06";"-61.39";"14662.91";"OOS1";"TrailingStop";"-60.49";"21.82";"6h 25m";""
"72";"NAS100_DukasM1_Infinox";"Buy";"2022.06.24 06:00:00";"11793.41";"0.35";"2022.06.27 16:41:00";"12035.98";"82.15";"14745.06";"OOS1";"TrailingStop";"-8.46";"151.44";"3d 10h 41m";""
"73";"NAS100_DukasM1_Infinox";"Buy";"2022.07.01 05:00:00";"11470.98";"0.32";"2022.07.05 11:40:00";"11518.58";"11.97";"14757.02";"OOS1";"TrailingStop";"-37.95";"78.20";"4d 6h 40m";""
"74";"NAS100_DukasM1_Infinox";"Buy";"2022.07.06 02:00:00";"11780.92";"0.36";"2022.07.08 15:46:00";"11956.48";"61.32";"14818.34";"OOS1";"TrailingStop";"-30.32";"128.40";"2d 13h 46m";""
"75";"NAS100_DukasM1_Infinox";"Buy";"2022.07.18 09:00:00";"12086.16";"0.49";"2022.07.18 20:47:00";"12011.70";"-36.49";"14781.86";"OOS1";"TrailingStop";"-36.49";"34.82";"11h 47m";""
"1";"NAS100_DukasM1_Infinox";"Buy";"2022.08.24 20:00:00";"12932.36";"0.59";"2022.08.26 17:02:00";"13026.66";"52.25";"14834.10";"OOS1";"TrailingStop";"-21.59";"161.39";"1d 21h 2m";""
"2";"NAS100_DukasM1_Infinox";"Buy";"2022.08.29 12:00:00";"12441.55";"0.48";"2022.08.30 16:56:00";"12462.25";"8.61";"14842.71";"OOS1";"TrailingStop";"-3.15";"98.18";"1d 4h 56m";""
"3";"NAS100_DukasM1_Infinox";"Buy";"2022.08.31 10:00:00";"12435.70";"0.54";"2022.08.31 20:40:00";"12282.13";"-82.93";"14759.78";"OOS1";"TrailingStop";"-82.93";"36.30";"10h 40m";""
"4";"NAS100_DukasM1_Infinox";"Buy";"2022.09.01 16:00:00";"12167.57";"0.52";"2022.09.02 19:51:00";"12207.29";"19.25";"14779.03";"OOS1";"TrailingStop";"-83.68";"148.68";"1d 3h 51m";""
"5";"NAS100_DukasM1_Infinox";"Buy";"2022.09.05 14:00:00";"12086.19";"0.47";"2022.09.06 16:52:00";"12046.60";"-19.87";"14759.16";"OOS1";"TrailingStop";"-18.61";"70.59";"1d 2h 52m";""
"6";"NAS100_DukasM1_Infinox";"Buy";"2022.09.07 11:00:00";"12035.91";"0.51";"2022.09.08 16:28:00";"12152.08";"57.88";"14817.04";"OOS1";"TrailingStop";"-33.26";"146.92";"1d 5h 28m";""
"7";"NAS100_DukasM1_Infinox";"Buy";"2022.09.09 05:00:00";"12364.53";"0.48";"2022.09.13 15:30:00";"12714.64";"162.78";"14979.82";"OOS1";"TrailingStop";"-6.09";"241.28";"4d 10h 30m";""
"8";"NAS100_DukasM1_Infinox";"Buy";"2022.09.16 11:00:00";"11819.60";"0.57";"2022.09.20 15:26:00";"11854.25";"13.76";"14993.58";"OOS1";"TrailingStop";"-64.83";"115.25";"4d 4h 26m";""
"9";"NAS100_DukasM1_Infinox";"Buy";"2022.09.21 06:00:00";"11867.13";"0.59";"2022.09.21 21:00:00";"11813.34";"-31.74";"14961.85";"OOS1";"TrailingStop";"-44.89";"68.29";"15h 0m";""
"10";"NAS100_DukasM1_Infinox";"Buy";"2022.09.22 15:00:00";"11629.88";"0.42";"2022.09.23 07:08:00";"11437.10";"-82.05";"14879.79";"OOS1";"TrailingStop";"-80.97";"20.81";"16h 8m";""
"11";"NAS100_DukasM1_Infinox";"Buy";"2022.09.23 11:00:00";"11456.51";"0.5";"2022.09.23 19:24:00";"11257.85";"-99.33";"14780.46";"OOS1";"SL";"-99.33";"6.60";"8h 24m";""
"12";"NAS100_DukasM1_Infinox";"Buy";"2022.09.26 06:00:00";"11269.89";"0.45";"2022.09.27 19:08:00";"11250.82";"-9.71";"14770.75";"OOS1";"TrailingStop";"-34.65";"105.90";"1d 13h 8m";""
"13";"NAS100_DukasM1_Infinox";"Buy";"2022.09.28 13:00:00";"11089.62";"0.42";"2022.09.29 15:34:00";"11294.31";"84.93";"14855.69";"OOS1";"TrailingStop";"-4.58";"193.28";"1d 2h 34m";""
"14";"NAS100_DukasM1_Infinox";"Buy";"2022.09.30 07:00:00";"11140.53";"0.43";"2022.09.30 16:38:00";"11092.85";"-20.50";"14835.19";"OOS1";"TrailingStop";"-20.50";"65.72";"9h 38m";""
"15";"NAS100_DukasM1_Infinox";"Buy";"2022.10.03 15:00:00";"11014.45";"0.41";"2022.10.05 16:09:00";"11429.18";"168.03";"15003.22";"OOS1";"TrailingStop";"-14.03";"243.91";"2d 1h 9m";""
"16";"NAS100_DukasM1_Infinox";"Buy";"2022.10.05 22:00:00";"11587.12";"0.48";"2022.10.06 12:56:00";"11490.29";"-47.71";"14955.50";"OOS1";"TrailingStop";"-46.48";"38.82";"14h 56m";""
"17";"NAS100_DukasM1_Infinox";"Buy";"2022.10.12 04:00:00";"10838.40";"0.41";"2022.10.13 15:30:00";"10714.28";"-51.88";"14903.63";"OOS1";"TrailingStop";"-50.89";"41.95";"1d 11h 30m";""
"18";"NAS100_DukasM1_Infinox";"Buy";"2022.10.13 21:00:00";"11023.83";"0.29";"2022.10.14 17:00:00";"10908.49";"-34.16";"14869.47";"OOS1";"TrailingStop";"-33.45";"50.96";"20h 0m";""
"19";"NAS100_DukasM1_Infinox";"Buy";"2022.10.17 10:00:00";"10790.23";"0.41";"2022.10.18 18:31:00";"11067.31";"112.62";"14982.09";"OOS1";"TrailingStop";"-11.40";"212.65";"1d 8h 31m";""
"20";"NAS100_DukasM1_Infinox";"Buy";"2022.10.19 10:00:00";"11194.93";"0.43";"2022.10.19 20:04:00";"11034.02";"-69.19";"14912.90";"OOS1";"TrailingStop";"-69.19";"19.59";"10h 4m";""
"21";"NAS100_DukasM1_Infinox";"Buy";"2022.10.25 04:00:00";"11446.88";"0.43";"2022.10.26 01:05:00";"11490.20";"17.53";"14930.43";"OOS1";"TrailingStop";"-26.54";"102.34";"21h 5m";""
"22";"NAS100_DukasM1_Infinox";"Buy";"2022.11.01 07:00:00";"11446.21";"0.64";"2022.11.01 16:00:00";"11433.91";"-7.87";"14922.56";"OOS1";"TrailingStop";"-7.87";"84.86";"9h 0m";""
"23";"NAS100_DukasM1_Infinox";"Buy";"2022.11.07 13:00:00";"10914.87";"0.41";"2022.11.08 20:58:00";"10993.35";"31.18";"14953.74";"OOS1";"TrailingStop";"-42.07";"114.58";"1d 7h 58m";""
"24";"NAS100_DukasM1_Infinox";"Buy";"2022.11.08 22:00:00";"10987.26";"0.43";"2022.11.09 17:57:00";"10897.39";"-39.69";"14914.05";"OOS1";"TrailingStop";"-38.64";"58.76";"19h 57m";""
"25";"NAS100_DukasM1_Infinox";"Buy";"2022.11.10 09:00:00";"10842.82";"0.57";"2022.11.11 16:35:00";"11543.53";"398.03";"15312.08";"OOS1";"TrailingStop";"-25.95";"512.25";"1d 7h 35m";""
"26";"NAS100_DukasM1_Infinox";"Buy";"2022.11.14 08:00:00";"11724.62";"0.48";"2022.11.15 20:19:00";"11887.97";"77.16";"15389.24";"OOS1";"TrailingStop";"-27.79";"172.93";"1d 12h 19m";""
"27";"NAS100_DukasM1_Infinox";"Buy";"2022.11.30 10:00:00";"11522.39";"0.9";"2022.12.01 17:18:00";"11942.63";"375.91";"15765.15";"OOS1";"TrailingStop";"-40.55";"533.90";"1d 7h 18m";""
"28";"NAS100_DukasM1_Infinox";"Buy";"2022.12.02 16:00:00";"11803.11";"0.57";"2022.12.05 17:00:00";"11851.69";"23.21";"15788.35";"OOS1";"TrailingStop";"-20.65";"130.12";"3d 1h 0m";""
"29";"NAS100_DukasM1_Infinox";"Buy";"2022.12.08 04:00:00";"11443.79";"0.59";"2022.12.09 15:30:00";"11609.36";"96.19";"15884.54";"OOS1";"TrailingStop";"-2.96";"166.37";"1d 11h 30m";""
"30";"NAS100_DukasM1_Infinox";"Buy";"2022.12.12 13:00:00";"11601.83";"0.75";"2022.12.13 17:25:00";"11992.34";"290.95";"16175.49";"OOS1";"TrailingStop";"-57.78";"456.55";"1d 4h 25m";""
"31";"NAS100_DukasM1_Infinox";"Buy";"2022.12.13 18:00:00";"11966.57";"0.43";"2022.12.13 19:31:00";"11736.73";"-98.83";"16076.66";"OOS1";"SL";"-98.83";"17.68";"1h 31m";""
"32";"NAS100_DukasM1_Infinox";"Buy";"2022.12.14 18:00:00";"11906.42";"0.55";"2022.12.14 21:02:00";"11765.91";"-77.28";"15999.38";"OOS1";"TrailingStop";"-77.28";"20.16";"3h 2m";""
"33";"NAS100_DukasM1_Infinox";"Buy";"2022.12.20 12:00:00";"11061.16";"0.61";"2022.12.22 15:30:00";"11156.88";"55.39";"16054.77";"OOS1";"TrailingStop";"-60.94";"138.00";"2d 3h 30m";""
"34";"NAS100_DukasM1_Infinox";"Buy";"2022.12.23 07:00:00";"10967.00";"0.63";"2022.12.23 16:35:00";"10872.72";"-59.40";"15995.37";"OOS1";"TrailingStop";"-59.40";"52.04";"9h 35m";""
"35";"NAS100_DukasM1_Infinox";"Buy";"2022.12.27 03:00:00";"11055.26";"0.52";"2022.12.27 16:31:00";"10931.61";"-64.30";"15931.07";"OOS1";"TrailingStop";"-64.30";"17.28";"13h 31m";""
"36";"NAS100_DukasM1_Infinox";"Buy";"2022.12.28 08:00:00";"10823.57";"0.7";"2022.12.28 17:59:00";"10736.77";"-60.76";"15870.31";"OOS1";"TrailingStop";"-60.76";"55.84";"9h 59m";""
"37";"NAS100_DukasM1_Infinox";"Buy";"2022.12.29 10:00:00";"10723.92";"0.79";"2022.12.30 14:37:00";"10840.65";"90.33";"15960.65";"OOS1";"TrailingStop";"-6.57";"204.99";"1d 4h 37m";""
"38";"NAS100_DukasM1_Infinox";"Buy";"2023.01.03 03:00:00";"10912.33";"0.61";"2023.01.03 16:52:00";"10945.44";"20.20";"15980.84";"OOS1";"TrailingStop";"-28.56";"112.00";"13h 52m";""
"39";"NAS100_DukasM1_Infinox";"Buy";"2023.01.04 10:00:00";"10915.63";"0.63";"2023.01.04 17:06:00";"10801.80";"-71.71";"15909.13";"OOS1";"TrailingStop";"-71.71";"32.31";"7h 6m";""
"40";"NAS100_DukasM1_Infinox";"Buy";"2023.01.06 08:00:00";"10774.84";"0.66";"2023.01.06 16:43:00";"10719.99";"-36.20";"15872.93";"OOS1";"TrailingStop";"-66.13";"77.26";"8h 43m";""
"41";"NAS100_DukasM1_Infinox";"Buy";"2023.01.10 17:00:00";"11134.63";"0.62";"2023.01.12 15:29:00";"11325.91";"115.53";"15988.46";"OOS1";"TrailingStop";"-55.16";"203.84";"1d 22h 29m";""
"42";"NAS100_DukasM1_Infinox";"Buy";"2023.01.24 23:00:00";"11847.79";"0.69";"2023.01.25 12:13:00";"11702.80";"-101.86";"15886.59";"OOS1";"SL";"-100.04";"68.90";"13h 13m";""
"43";"NAS100_DukasM1_Infinox";"Buy";"2023.02.15 03:00:00";"12546.13";"0.46";"2023.02.16 15:30:00";"12603.05";"24.90";"15911.50";"OOS1";"TrailingStop";"-31.24";"92.73";"1d 12h 30m";""
"44";"NAS100_DukasM1_Infinox";"Buy";"2023.02.22 06:00:00";"12108.41";"0.91";"2023.02.22 17:33:00";"12004.05";"-94.97";"15816.53";"OOS1";"TrailingStop";"-94.97";"30.47";"11h 33m";""
"45";"NAS100_DukasM1_Infinox";"Buy";"2023.02.24 10:00:00";"12126.80";"0.74";"2023.02.24 15:35:00";"11992.54";"-99.35";"15717.18";"OOS1";"SL";"-99.35";"4.29";"5h 35m";""
"46";"NAS100_DukasM1_Infinox";"Buy";"2023.02.27 05:00:00";"12015.23";"0.68";"2023.02.28 10:17:00";"12005.82";"-8.21";"15708.96";"OOS1";"TrailingStop";"-23.49";"100.29";"1d 5h 17m";""
"47";"NAS100_DukasM1_Infinox";"Buy";"2023.02.28 23:00:00";"12041.29";"0.69";"2023.03.01 16:34:00";"11998.87";"-31.12";"15677.84";"OOS1";"TrailingStop";"-53.90";"50.76";"17h 34m";""
"48";"NAS100_DukasM1_Infinox";"Buy";"2023.03.02 12:00:00";"11841.68";"0.73";"2023.03.06 22:06:00";"12314.72";"337.64";"16015.48";"OOS1";"TrailingStop";"-20.52";"456.55";"4d 10h 6m";""
"49";"NAS100_DukasM1_Infinox";"Buy";"2023.03.07 15:00:00";"12329.59";"0.92";"2023.03.07 17:02:00";"12221.03";"-99.87";"15915.61";"OOS1";"SL";"-99.88";"13.36";"2h 2m";""
"50";"NAS100_DukasM1_Infinox";"Buy";"2023.03.14 06:00:00";"11978.09";"0.38";"2023.03.15 12:38:00";"12046.19";"24.87";"15940.47";"OOS1";"TrailingStop";"-30.24";"97.39";"1d 6h 38m";""
"51";"NAS100_DukasM1_Infinox";"Buy";"2023.03.16 02:00:00";"12272.82";"0.4";"2023.03.17 16:45:00";"12477.89";"80.94";"16021.41";"OOS1";"TrailingStop";"-36.26";"159.43";"1d 14h 45m";""
"52";"NAS100_DukasM1_Infinox";"Buy";"2023.04.17 05:00:00";"13085.11";"0.7";"2023.04.17 18:30:00";"13001.81";"-58.31";"15963.10";"OOS1";"TrailingStop";"-58.31";"22.53";"13h 30m";""
"53";"NAS100_DukasM1_Infinox";"Buy";"2023.04.26 05:00:00";"12902.70";"0.74";"2023.04.26 14:54:00";"12801.86";"-74.62";"15888.48";"OOS1";"TrailingStop";"-74.62";"5.25";"9h 54m";""
"54";"NAS100_DukasM1_Infinox";"Buy";"2023.04.27 07:00:00";"12872.58";"0.79";"2023.05.02 17:10:00";"13175.64";"228.12";"16116.59";"OOS1";"TrailingStop";"-1.80";"328.88";"5d 10h 10m";""
"55";"NAS100_DukasM1_Infinox";"Buy";"2023.05.09 03:00:00";"13273.18";"0.98";"2023.05.09 18:56:00";"13200.56";"-71.17";"16045.43";"OOS1";"TrailingStop";"-71.17";"8.50";"15h 56m";""
"56";"NAS100_DukasM1_Infinox";"Buy";"2023.06.12 15:00:00";"14616.56";"0.87";"2023.06.13 17:07:00";"14801.22";"157.83";"16203.26";"OOS1";"TrailingStop";"-40.66";"293.22";"1d 2h 7m";""
"57";"NAS100_DukasM1_Infinox";"Buy";"2023.06.26 04:00:00";"14926.89";"0.63";"2023.06.26 18:16:00";"14842.38";"-53.24";"16150.01";"OOS1";"TrailingStop";"-60.27";"36.38";"14h 16m";""
"58";"NAS100_DukasM1_Infinox";"Buy";"2023.06.29 03:00:00";"15007.40";"0.59";"2023.06.29 17:07:00";"14904.54";"-60.69";"16089.33";"OOS1";"TrailingStop";"-60.69";"15.29";"14h 7m";""
"59";"NAS100_DukasM1_Infinox";"Buy";"2023.06.30 08:00:00";"14971.32";"0.82";"2023.07.05 12:19:00";"15127.80";"114.67";"16204.00";"OOS1";"TrailingStop";"-7.10";"213.18";"5d 4h 19m";""
"60";"NAS100_DukasM1_Infinox";"Buy";"2023.07.05 16:00:00";"15129.05";"1.08";"2023.07.06 06:27:00";"15160.66";"30.51";"16234.51";"OOS1";"TrailingStop";"-7.60";"160.41";"14h 27m";""
"61";"NAS100_DukasM1_Infinox";"Buy";"2023.07.25 10:00:00";"15474.69";"0.89";"2023.07.26 16:33:00";"15474.93";"-2.85";"16231.66";"OOS1";"TrailingStop";"-10.30";"136.10";"1d 6h 33m";""
"62";"NAS100_DukasM1_Infinox";"Buy";"2023.07.27 03:00:00";"15546.18";"0.6";"2023.07.27 20:20:00";"15638.33";"55.29";"16286.95";"OOS1";"TrailingStop";"-9.52";"149.60";"17h 20m";""
"63";"NAS100_DukasM1_Infinox";"Buy";"2023.08.01 08:00:00";"15769.83";"0.84";"2023.08.01 17:15:00";"15650.43";"-100.30";"16186.65";"OOS1";"SL";"-100.30";"0.00";"9h 15m";""
"64";"NAS100_DukasM1_Infinox";"Buy";"2023.08.07 14:00:00";"15333.52";"0.6";"2023.08.08 14:31:00";"15271.18";"-39.45";"16147.21";"OOS1";"TrailingStop";"-48.07";"49.01";"1d 0h 31m";""
"65";"NAS100_DukasM1_Infinox";"Buy";"2023.08.09 05:00:00";"15306.66";"0.71";"2023.08.09 16:39:00";"15234.23";"-51.43";"16095.78";"OOS1";"TrailingStop";"-51.43";"33.89";"11h 39m";""
"66";"NAS100_DukasM1_Infinox";"Buy";"2023.08.10 10:00:00";"15168.61";"0.75";"2023.08.10 18:05:00";"15212.87";"33.19";"16128.98";"OOS1";"TrailingStop";"-1.70";"150.04";"8h 5m";""
"67";"NAS100_DukasM1_Infinox";"Buy";"2023.08.14 05:00:00";"15025.65";"0.6";"2023.08.14 16:30:00";"14979.42";"-27.74";"16101.24";"OOS1";"TrailingStop";"-43.70";"77.06";"11h 30m";""
"68";"NAS100_DukasM1_Infinox";"Buy";"2023.08.16 06:00:00";"15052.99";"0.67";"2023.08.16 19:10:00";"14963.27";"-60.11";"16041.12";"OOS1";"TrailingStop";"-60.11";"29.22";"13h 10m";""
"69";"NAS100_DukasM1_Infinox";"Buy";"2023.08.17 13:00:00";"14907.99";"0.74";"2023.08.17 17:25:00";"14825.11";"-61.33";"15979.79";"OOS1";"TrailingStop";"-61.33";"30.27";"4h 25m";""
"70";"NAS100_DukasM1_Infinox";"Buy";"2023.08.18 14:00:00";"14652.79";"0.74";"2023.08.22 17:33:00";"14929.24";"194.93";"16174.73";"OOS1";"TrailingStop";"-76.74";"304.30";"4d 3h 33m";""
"71";"NAS100_DukasM1_Infinox";"Buy";"2023.08.23 11:00:00";"15001.07";"0.79";"2023.08.24 16:33:00";"15218.77";"169.35";"16344.08";"OOS1";"TrailingStop";"-75.34";"286.79";"1d 5h 33m";""
"72";"NAS100_DukasM1_Infinox";"Buy";"2023.08.25 10:00:00";"14757.69";"0.59";"2023.08.25 17:47:00";"14758.39";"0.41";"16344.49";"OOS1";"TrailingStop";"-1.22";"146.38";"7h 47m";""
"73";"NAS100_DukasM1_Infinox";"Buy";"2023.08.29 11:00:00";"15047.90";"0.68";"2023.09.01 16:45:00";"15501.42";"301.57";"16646.06";"OOS1";"TrailingStop";"-25.96";"394.91";"3d 5h 45m";""
"74";"NAS100_DukasM1_Infinox";"Buy";"2023.09.13 09:00:00";"15282.42";"0.92";"2023.09.13 15:30:00";"15203.89";"-72.25";"16573.81";"OOS1";"TrailingStop";"-72.25";"38.25";"6h 30m";""
"1";"NAS100_DukasM1_Infinox";"Buy";"2023.09.20 11:00:00";"15199.70";"0.54";"2023.09.20 16:31:00";"15194.05";"-3.05";"16570.76";"OOS1";"TrailingStop";"-10.24";"27.92";"5h 31m";""
"2";"NAS100_DukasM1_Infinox";"Buy";"2023.09.21 17:00:00";"14764.38";"0.4";"2023.09.21 22:12:00";"14731.91";"-12.99";"16557.77";"OOS1";"TrailingStop";"-12.99";"34.30";"5h 12m";""
"3";"NAS100_DukasM1_Infinox";"Buy";"2023.09.26 02:00:00";"14778.80";"0.33";"2023.09.27 20:20:00";"14476.77";"-100.75";"16457.02";"OOS1";"SL";"-99.67";"0.00";"1d 18h 20m";""
"4";"NAS100_DukasM1_Infinox";"Buy";"2023.09.28 06:00:00";"14593.46";"0.34";"2023.09.28 12:07:00";"14537.74";"-18.94";"16438.08";"OOS1";"TrailingStop";"-18.94";"9.19";"6h 7m";""
"5";"NAS100_DukasM1_Infinox";"Buy";"2023.10.02 14:00:00";"14742.37";"0.33";"2023.10.03 14:18:00";"14770.77";"8.29";"16446.37";"OOS1";"TrailingStop";"-21.70";"50.72";"1d 0h 18m";""
"6";"NAS100_DukasM1_Infinox";"Buy";"2023.10.04 11:00:00";"14502.66";"0.31";"2023.10.05 15:37:00";"14719.42";"66.20";"16512.56";"OOS1";"TrailingStop";"-5.51";"96.63";"1d 4h 37m";""
"7";"NAS100_DukasM1_Infinox";"Buy";"2023.10.06 11:00:00";"14751.05";"0.38";"2023.10.06 15:30:00";"14697.57";"-20.32";"16492.24";"OOS1";"TrailingStop";"-20.32";"12.63";"4h 30m";""
"8";"NAS100_DukasM1_Infinox";"Buy";"2023.10.23 12:00:00";"14532.51";"0.34";"2023.10.23 22:13:00";"14645.42";"38.39";"16530.63";"OOS1";"TrailingStop";"-39.99";"74.90";"10h 13m";""
"9";"NAS100_DukasM1_Infinox";"Buy";"2023.10.26 12:00:00";"14246.07";"0.33";"2023.10.26 16:58:00";"14229.58";"-5.44";"16525.19";"OOS1";"TrailingStop";"-10.00";"41.80";"4h 58m";""
"10";"NAS100_DukasM1_Infinox";"Buy";"2023.10.30 14:00:00";"14298.03";"0.39";"2023.10.30 16:18:00";"14289.05";"-3.50";"16521.69";"OOS1";"TrailingStop";"-17.17";"37.72";"2h 18m";""
"11";"NAS100_DukasM1_Infinox";"Buy";"2023.10.31 20:00:00";"14397.53";"0.31";"2023.11.01 11:24:00";"14341.85";"-18.25";"16503.43";"OOS1";"TrailingStop";"-17.26";"7.24";"15h 24m";""
"12";"NAS100_DukasM1_Infinox";"Buy";"2023.11.01 19:00:00";"14506.62";"0.33";"2023.11.02 16:11:00";"14797.77";"95.02";"16598.45";"OOS1";"TrailingStop";"-9.75";"121.53";"21h 11m";""
"13";"NAS100_DukasM1_Infinox";"Buy";"2023.11.03 19:00:00";"15111.72";"0.37";"2023.11.06 20:18:00";"15088.68";"-12.25";"16586.20";"OOS1";"TrailingStop";"-11.79";"25.22";"3d 1h 18m";""
"14";"NAS100_DukasM1_Infinox";"Buy";"2023.12.07 13:00:00";"15828.20";"0.48";"2023.12.08 14:05:00";"15959.14";"61.16";"16647.36";"OOS1";"TrailingStop";"-6.48";"103.78";"1d 1h 5m";""
"15";"NAS100_DukasM1_Infinox";"Buy";"2023.12.11 02:00:00";"16090.30";"0.39";"2023.12.12 15:54:00";"16219.35";"48.93";"16696.29";"OOS1";"TrailingStop";"-23.71";"89.36";"1d 13h 54m";""
"16";"NAS100_DukasM1_Infinox";"Buy";"2024.01.05 17:00:00";"16313.32";"0.41";"2024.01.05 19:07:00";"16329.18";"6.50";"16702.79";"OOS1";"TrailingStop";"-0.74";"42.21";"2h 7m";""
"17";"NAS100_DukasM1_Infinox";"Buy";"2024.01.08 19:00:00";"16521.37";"0.36";"2024.01.09 11:10:00";"16571.78";"16.83";"16719.62";"OOS1";"TrailingStop";"-1.63";"47.45";"16h 10m";""
"18";"NAS100_DukasM1_Infinox";"Buy";"2024.01.10 03:00:00";"16689.15";"0.41";"2024.01.10 13:53:00";"16687.68";"-0.60";"16719.02";"OOS1";"TrailingStop";"-13.50";"27.03";"10h 53m";""
"19";"NAS100_DukasM1_Infinox";"Buy";"2024.01.22 02:00:00";"17358.01";"0.35";"2024.01.22 16:43:00";"17375.15";"6.00";"16725.02";"OOS1";"TrailingStop";"-1.99";"33.11";"14h 43m";""
"20";"NAS100_DukasM1_Infinox";"Buy";"2024.02.16 10:00:00";"17900.49";"0.45";"2024.02.16 15:30:00";"17889.20";"-5.08";"16719.94";"OOS1";"TrailingStop";"-5.08";"26.50";"5h 30m";""
"21";"NAS100_DukasM1_Infinox";"Buy";"2024.02.26 08:00:00";"17906.35";"0.41";"2024.02.26 22:59:00";"17927.73";"8.77";"16728.70";"OOS1";"TrailingStop";"-10.51";"44.47";"14h 59m";""
"22";"NAS100_DukasM1_Infinox";"Buy";"2024.03.19 19:00:00";"17997.99";"0.29";"2024.03.20 15:44:00";"18001.98";"0.00";"16728.70";"OOS1";"TrailingStop";"-8.18";"25.13";"20h 44m";""
"23";"NAS100_DukasM1_Infinox";"Buy";"2024.03.20 22:00:00";"18238.28";"0.31";"2024.03.21 20:00:00";"18369.00";"39.27";"16767.97";"OOS1";"TrailingStop";"-5.20";"70.53";"22h 0m";""
"24";"NAS100_DukasM1_Infinox";"Buy";"2024.03.22 15:00:00";"18291.53";"0.42";"2024.03.22 21:16:00";"18314.53";"9.66";"16777.63";"OOS1";"TrailingStop";"-10.63";"41.80";"6h 16m";""
"25";"NAS100_DukasM1_Infinox";"Buy";"2024.04.05 16:00:00";"17953.04";"0.34";"2024.04.05 20:57:00";"18099.68";"49.86";"16827.49";"OOS1";"TrailingStop";"-14.55";"87.61";"4h 57m";""
"26";"NAS100_DukasM1_Infinox";"Buy";"2024.04.09 02:00:00";"18122.69";"0.3";"2024.04.09 17:29:00";"18092.94";"-8.93";"16818.56";"OOS1";"TrailingStop";"-18.53";"26.78";"15h 29m";""
"27";"NAS100_DukasM1_Infinox";"Buy";"2024.04.11 09:00:00";"18027.16";"0.31";"2024.04.12 12:26:00";"18240.58";"64.92";"16883.48";"OOS1";"TrailingStop";"-35.39";"95.57";"1d 3h 26m";""
"28";"NAS100_DukasM1_Infinox";"Buy";"2024.04.15 09:00:00";"18089.48";"0.33";"2024.04.15 17:08:00";"18080.91";"-2.83";"16880.65";"OOS1";"TrailingStop";"-5.69";"29.90";"8h 8m";""
"29";"NAS100_DukasM1_Infinox";"Buy";"2024.04.18 13:00:00";"17556.02";"0.32";"2024.04.18 19:52:00";"17457.50";"-31.53";"16849.13";"OOS1";"TrailingStop";"-50.76";"12.06";"6h 52m";""
"30";"NAS100_DukasM1_Infinox";"Buy";"2024.04.19 14:00:00";"17297.93";"0.24";"2024.04.19 17:18:00";"17250.62";"-11.35";"16837.77";"OOS1";"TrailingStop";"-11.35";"25.29";"3h 18m";""
"31";"NAS100_DukasM1_Infinox";"Buy";"2024.04.22 13:00:00";"17151.40";"0.27";"2024.04.22 17:26:00";"17050.10";"-27.35";"16810.42";"OOS1";"TrailingStop";"-27.35";"9.79";"4h 26m";""
"32";"NAS100_DukasM1_Infinox";"Buy";"2024.04.23 19:00:00";"17426.70";"0.28";"2024.04.24 18:07:00";"17520.14";"25.08";"16835.50";"OOS1";"TrailingStop";"-0.58";"64.87";"23h 7m";""
"33";"NAS100_DukasM1_Infinox";"Buy";"2024.04.25 14:00:00";"17352.04";"0.32";"2024.04.25 15:32:00";"17280.39";"-22.93";"16812.57";"OOS1";"TrailingStop";"-22.93";"9.27";"1h 32m";""
"34";"NAS100_DukasM1_Infinox";"Buy";"2024.05.03 04:00:00";"17658.38";"0.25";"2024.05.03 17:20:00";"17793.51";"33.78";"16846.35";"OOS1";"TrailingStop";"-11.48";"70.66";"13h 20m";""
"35";"NAS100_DukasM1_Infinox";"Buy";"2024.05.06 03:00:00";"17896.88";"0.29";"2024.05.07 20:50:00";"18086.91";"53.96";"16900.31";"OOS1";"TrailingStop";"-6.62";"75.38";"1d 17h 50m";""
"36";"NAS100_DukasM1_Infinox";"Buy";"2024.06.04 14:00:00";"18510.29";"0.32";"2024.06.06 16:58:00";"18992.08";"151.54";"17051.85";"OOS1";"TrailingStop";"-0.58";"181.16";"2d 2h 58m";""
"37";"NAS100_DukasM1_Infinox";"Buy";"2024.06.27 12:00:00";"19701.22";"0.38";"2024.06.27 18:28:00";"19724.05";"8.68";"17060.52";"OOS1";"TrailingStop";"-3.50";"59.23";"6h 28m";""
"38";"NAS100_DukasM1_Infinox";"Buy";"2024.07.22 11:00:00";"19646.86";"0.22";"2024.07.22 18:23:00";"19673.76";"5.92";"17066.44";"OOS1";"TrailingStop";"-4.08";"44.50";"7h 23m";""
"39";"NAS100_DukasM1_Infinox";"Buy";"2024.07.25 06:00:00";"19071.56";"0.24";"2024.07.25 11:04:00";"18987.77";"-20.11";"17046.33";"OOS1";"TrailingStop";"-20.11";"11.89";"5h 4m";""
"40";"NAS100_DukasM1_Infinox";"Buy";"2024.07.26 07:00:00";"18920.70";"0.17";"2024.07.26 16:49:00";"18917.25";"-0.59";"17045.75";"OOS1";"TrailingStop";"-1.90";"27.14";"9h 49m";""
"41";"NAS100_DukasM1_Infinox";"Buy";"2024.07.30 14:00:00";"19106.46";"0.26";"2024.07.30 17:02:00";"19016.18";"-23.47";"17022.27";"OOS1";"TrailingStop";"-23.47";"16.84";"3h 2m";""
"42";"NAS100_DukasM1_Infinox";"Buy";"2024.07.31 10:00:00";"19072.53";"0.19";"2024.08.01 11:10:00";"19407.78";"62.89";"17085.16";"OOS1";"TrailingStop";"-7.16";"95.01";"1d 1h 10m";""
"43";"NAS100_DukasM1_Infinox";"Buy";"2024.08.02 13:00:00";"18556.30";"0.15";"2024.08.02 15:35:00";"18404.61";"-22.75";"17062.41";"OOS1";"TrailingStop";"-22.75";"9.05";"2h 35m";""
"44";"NAS100_DukasM1_Infinox";"Buy";"2024.08.07 08:00:00";"18291.07";"0.11";"2024.08.07 19:04:00";"18195.80";"-10.48";"17051.93";"OOS1";"TrailingStop";"-19.85";"17.27";"11h 4m";""
"45";"NAS100_DukasM1_Infinox";"Buy";"2024.08.08 14:00:00";"17867.06";"0.13";"2024.08.09 15:20:00";"18350.35";"62.31";"17114.24";"OOS1";"TrailingStop";"-4.79";"88.77";"1d 1h 20m";""
"46";"NAS100_DukasM1_Infinox";"Buy";"2024.08.12 11:00:00";"18576.80";"0.19";"2024.08.12 18:25:00";"18482.40";"-17.94";"17096.31";"OOS1";"TrailingStop";"-29.10";"16.59";"7h 25m";""
"47";"NAS100_DukasM1_Infinox";"Buy";"2024.08.15 06:00:00";"19116.69";"0.24";"2024.08.16 13:33:00";"19474.91";"84.95";"17181.26";"OOS1";"TrailingStop";"-26.38";"112.23";"1d 7h 33m";""
"48";"NAS100_DukasM1_Infinox";"Buy";"2024.09.02 15:00:00";"19554.58";"0.31";"2024.09.03 02:23:00";"19518.23";"-12.62";"17168.64";"OOS1";"TrailingStop";"-11.27";"24.49";"11h 23m";""
"49";"NAS100_DukasM1_Infinox";"Buy";"2024.09.09 06:00:00";"18488.91";"0.19";"2024.09.09 17:38:00";"18531.33";"8.06";"17176.71";"OOS1";"TrailingStop";"-0.90";"37.31";"11h 38m";""
"50";"NAS100_DukasM1_Infinox";"Buy";"2024.09.11 02:00:00";"18818.32";"0.22";"2024.09.11 17:00:00";"18720.16";"-21.60";"17155.11";"OOS1";"TrailingStop";"-30.95";"17.81";"15h 0m";""
"51";"NAS100_DukasM1_Infinox";"Buy";"2024.09.13 06:00:00";"19409.11";"0.24";"2024.09.16 14:23:00";"19438.36";"3.91";"17159.02";"OOS1";"TrailingStop";"-6.48";"35.63";"3d 8h 23m";""
"52";"NAS100_DukasM1_Infinox";"Buy";"2024.10.04 04:00:00";"19785.18";"0.22";"2024.10.04 16:56:00";"19930.91";"32.06";"17191.08";"OOS1";"TrailingStop";"-2.43";"61.80";"12h 56m";""
"53";"NAS100_DukasM1_Infinox";"Buy";"2024.10.08 07:00:00";"19796.44";"0.25";"2024.10.09 20:53:00";"20166.93";"91.52";"17282.61";"OOS1";"TrailingStop";"-10.93";"114.79";"1d 13h 53m";""
"54";"NAS100_DukasM1_Infinox";"Buy";"2024.11.05 10:00:00";"20011.28";"0.3";"2024.11.06 07:10:00";"20361.50";"103.73";"17386.34";"OOS1";"TrailingStop";"-7.94";"153.05";"21h 10m";""
"1";"NAS100_DukasM1_Infinox";"Buy";"2024.11.07 21:00:00";"21064.09";"0.28";"2024.11.08 12:36:00";"21054.10";"-4.11";"17382.23";"OOS1";"TrailingStop";"-6.83";"23.18";"15h 36m";""
"2";"NAS100_DukasM1_Infinox";"Buy";"2024.11.20 05:00:00";"20721.31";"0.24";"2024.11.20 16:33:00";"20635.30";"-20.64";"17361.59";"OOS1";"TrailingStop";"-20.64";"7.57";"11h 33m";""
"3";"NAS100_DukasM1_Infinox";"Buy";"2024.11.21 10:00:00";"20585.91";"0.23";"2024.11.21 16:37:00";"20632.55";"10.73";"17372.32";"OOS1";"TrailingStop";"-17.11";"54.12";"6h 37m";""
"4";"NAS100_DukasM1_Infinox";"Buy";"2024.12.02 13:00:00";"20892.95";"0.53";"2024.12.03 16:06:00";"21114.62";"115.02";"17487.34";"OOS1";"TrailingStop";"-1.91";"162.64";"1d 3h 6m";""
"5";"NAS100_DukasM1_Infinox";"Buy";"2024.12.24 07:00:00";"21492.34";"0.22";"2024.12.26 10:20:00";"21771.76";"59.37";"17546.71";"OOS1";"TrailingStop";"-3.23";"82.06";"2d 3h 20m";""
"6";"NAS100_DukasM1_Infinox";"Buy";"2024.12.27 06:00:00";"21724.08";"0.32";"2024.12.27 17:01:00";"21411.38";"-100.06";"17446.65";"OOS1";"SL";"-100.06";"3.68";"11h 1m";""
"7";"NAS100_DukasM1_Infinox";"Buy";"2025.01.02 12:00:00";"21197.81";"0.22";"2025.01.02 16:03:00";"21131.35";"-14.62";"17432.03";"OOS1";"TrailingStop";"-14.62";"18.95";"4h 3m";""
"8";"NAS100_DukasM1_Infinox";"Buy";"2025.01.03 12:00:00";"21080.82";"0.2";"2025.01.06 16:16:00";"21447.67";"70.56";"17502.59";"OOS1";"TrailingStop";"-12.83";"96.46";"3d 4h 16m";""
"9";"NAS100_DukasM1_Infinox";"Buy";"2025.01.06 20:00:00";"21601.81";"0.23";"2025.01.07 22:20:00";"21169.58";"-100.52";"17402.07";"OOS1";"SL";"-99.41";"3.69";"1d 2h 20m";""
"10";"NAS100_DukasM1_Infinox";"Buy";"2025.01.08 11:00:00";"21230.14";"0.26";"2025.01.08 13:31:00";"21158.32";"-18.67";"17383.39";"OOS1";"TrailingStop";"-18.67";"8.91";"2h 31m";""
"11";"NAS100_DukasM1_Infinox";"Buy";"2025.01.13 11:00:00";"20643.66";"0.2";"2025.01.14 14:21:00";"20833.24";"37.00";"17420.39";"OOS1";"TrailingStop";"-23.11";"67.13";"1d 3h 21m";""
"12";"NAS100_DukasM1_Infinox";"Buy";"2025.01.15 12:00:00";"20804.01";"0.24";"2025.01.16 14:56:00";"21267.65";"110.16";"17530.56";"OOS1";"TrailingStop";"-7.29";"142.63";"1d 2h 56m";""
"13";"NAS100_DukasM1_Infinox";"Buy";"2025.01.17 13:00:00";"21182.87";"0.26";"2025.01.20 17:44:00";"21493.80";"77.17";"17607.73";"OOS1";"TrailingStop";"-7.54";"115.48";"3d 4h 44m";""
"14";"NAS100_DukasM1_Infinox";"Buy";"2025.01.21 03:00:00";"21321.88";"0.22";"2025.01.21 16:40:00";"21461.70";"30.76";"17638.49";"OOS1";"TrailingStop";"-20.30";"58.25";"13h 40m";""
"15";"NAS100_DukasM1_Infinox";"Buy";"2025.01.30 08:00:00";"21541.03";"0.22";"2025.01.30 14:20:00";"21459.85";"-17.86";"17620.63";"OOS1";"TrailingStop";"-17.86";"10.58";"6h 20m";""
"16";"NAS100_DukasM1_Infinox";"Buy";"2025.02.05 21:00:00";"21607.52";"0.22";"2025.02.06 13:34:00";"21624.44";"2.67";"17623.29";"OOS1";"TrailingStop";"-5.25";"26.44";"16h 34m";""
"17";"NAS100_DukasM1_Infinox";"Buy";"2025.02.12 23:00:00";"21715.89";"0.22";"2025.02.13 10:23:00";"21710.74";"-2.19";"17621.10";"OOS1";"TrailingStop";"-5.03";"26.94";"11h 23m";""
"18";"NAS100_DukasM1_Infinox";"Buy";"2025.02.26 10:00:00";"21232.45";"0.22";"2025.02.26 16:30:00";"21143.16";"-19.64";"17601.46";"OOS1";"TrailingStop";"-19.64";"8.19";"6h 30m";""
"19";"NAS100_DukasM1_Infinox";"Buy";"2025.02.27 14:00:00";"21289.50";"0.22";"2025.02.27 16:42:00";"21171.04";"-26.06";"17575.39";"OOS1";"TrailingStop";"-26.06";"8.72";"2h 42m";""
"20";"NAS100_DukasM1_Infinox";"Buy";"2025.02.28 13:00:00";"20610.17";"0.17";"2025.02.28 16:31:00";"20460.41";"-25.46";"17549.94";"OOS1";"TrailingStop";"-25.46";"3.10";"3h 31m";""
"21";"NAS100_DukasM1_Infinox";"Buy";"2025.03.04 15:00:00";"20280.83";"0.15";"2025.03.04 17:16:00";"20102.28";"-26.78";"17523.15";"OOS1";"TrailingStop";"-26.78";"16.24";"2h 16m";""
"22";"NAS100_DukasM1_Infinox";"Buy";"2025.03.06 10:00:00";"20496.03";"0.16";"2025.03.07 17:32:00";"19898.23";"-96.38";"17426.78";"OOS1";"SL";"-95.65";"3.46";"1d 7h 32m";""
"23";"NAS100_DukasM1_Infinox";"Buy";"2025.03.11 09:00:00";"19445.10";"0.13";"2025.03.11 16:04:00";"19351.39";"-12.18";"17414.59";"OOS1";"TrailingStop";"-12.18";"18.21";"7h 4m";""
"24";"NAS100_DukasM1_Infinox";"Buy";"2025.03.12 12:00:00";"19535.60";"0.14";"2025.03.12 16:40:00";"19504.92";"-4.30";"17410.30";"OOS1";"TrailingStop";"-5.17";"31.60";"4h 40m";""
"25";"NAS100_DukasM1_Infinox";"Buy";"2025.03.14 03:00:00";"19387.09";"0.13";"2025.03.17 17:03:00";"19644.40";"31.77";"17442.07";"OOS1";"TrailingStop";"-4.18";"57.85";"3d 14h 3m";""
"26";"NAS100_DukasM1_Infinox";"Buy";"2025.03.17 21:00:00";"19924.45";"0.18";"2025.03.26 10:12:00";"20242.09";"50.00";"17492.07";"OOS1";"TrailingStop";"-95.91";"74.11";"8d 13h 12m";""
"27";"NAS100_DukasM1_Infinox";"Buy";"2025.03.31 12:00:00";"19025.71";"0.22";"2025.03.31 16:32:00";"18913.59";"-24.67";"17467.41";"OOS1";"TrailingStop";"-24.67";"6.65";"4h 32m";""
"28";"NAS100_DukasM1_Infinox";"Buy";"2025.04.03 01:06:00";"18780.52";"0.14";"2025.04.03 15:42:00";"18739.82";"-5.70";"17461.71";"OOS1";"TrailingStop";"-18.76";"31.11";"14h 36m";""
"29";"NAS100_DukasM1_Infinox";"Buy";"2025.04.07 13:00:00";"16751.05";"0.06";"2025.04.07 16:42:00";"16598.12";"-9.18";"17452.53";"OOS1";"TrailingStop";"-9.18";"23.15";"3h 42m";""
"30";"NAS100_DukasM1_Infinox";"Buy";"2025.04.09 16:00:00";"16999.85";"0.06";"2025.04.10 11:33:00";"18635.42";"97.91";"17550.44";"OOS1";"TrailingStop";"-0.11";"133.77";"19h 33m";""
"31";"NAS100_DukasM1_Infinox";"Buy";"2025.04.11 10:00:00";"18555.79";"0.06";"2025.04.14 18:38:00";"18774.66";"12.39";"17562.83";"OOS1";"TrailingStop";"-25.07";"33.50";"3d 8h 38m";""
"32";"NAS100_DukasM1_Infinox";"Buy";"2025.04.15 13:00:00";"18842.11";"0.13";"2025.04.16 01:06:00";"18600.21";"-31.99";"17530.84";"OOS1";"TrailingStop";"-31.45";"21.00";"12h 6m";""
"33";"NAS100_DukasM1_Infinox";"Buy";"2025.04.21 18:00:00";"17818.13";"0.17";"2025.04.22 20:22:00";"18177.16";"60.36";"17591.20";"OOS1";"TrailingStop";"-39.28";"98.54";"1d 2h 22m";""
"34";"NAS100_DukasM1_Infinox";"Buy";"2025.04.24 17:00:00";"18941.09";"0.15";"2025.04.25 13:32:00";"19194.17";"37.33";"17628.53";"OOS1";"TrailingStop";"-1.16";"67.01";"20h 32m";""
"35";"NAS100_DukasM1_Infinox";"Buy";"2025.06.18 07:00:00";"21737.87";"0.25";"2025.06.18 16:33:00";"21700.54";"-9.33";"17619.20";"OOS1";"TrailingStop";"-9.33";"23.49";"9h 33m";""
"36";"NAS100_DukasM1_Infinox";"Buy";"2025.08.06 11:00:00";"23109.54";"0.28";"2025.08.07 17:24:00";"23453.57";"94.89";"17714.09";"OOS1";"TrailingStop";"-31.59";"126.12";"1d 6h 24m";""
"37";"NAS100_DukasM1_Infinox";"Buy";"2025.08.08 14:00:00";"23468.20";"0.33";"2025.08.11 11:04:00";"23580.33";"31.84";"17745.93";"OOS1";"TrailingStop";"-16.79";"65.86";"2d 21h 4m";""
"38";"NAS100_DukasM1_Infinox";"Buy";"2025.08.22 13:00:00";"23181.55";"0.28";"2025.08.25 12:12:00";"23419.92";"62.42";"17808.35";"OOS1";"TrailingStop";"-12.94";"110.61";"2d 23h 12m";""
"39";"NAS100_DukasM1_Infinox";"Buy";"2025.08.26 10:00:00";"23388.72";"0.34";"2025.08.27 16:08:00";"23485.27";"31.06";"17839.40";"OOS1";"TrailingStop";"-13.43";"59.22";"1d 6h 8m";""
"40";"NAS100_DukasM1_Infinox";"Buy";"2025.08.28 12:00:00";"23556.70";"0.39";"2025.08.29 10:54:00";"23633.29";"27.83";"17867.23";"OOS1";"TrailingStop";"-16.90";"71.72";"22h 54m";""
"41";"NAS100_DukasM1_Infinox";"Buy";"2025.09.01 06:00:00";"23423.20";"0.33";"2025.09.02 05:32:00";"23371.14";"-18.90";"17848.34";"OOS1";"TrailingStop";"-32.90";"12.91";"23h 32m";""
"42";"NAS100_DukasM1_Infinox";"Buy";"2025.09.03 03:00:00";"23291.10";"0.22";"2025.09.03 19:50:00";"23353.39";"13.70";"17862.04";"OOS1";"TrailingStop";"-7.43";"41.67";"16h 50m";""
"43";"NAS100_DukasM1_Infinox";"Buy";"2025.09.05 03:00:00";"23671.19";"0.31";"2025.09.05 17:06:00";"23758.58";"27.09";"17889.13";"OOS1";"TrailingStop";"-1.83";"59.83";"14h 6m";""
"44";"NAS100_DukasM1_Infinox";"Buy";"2025.09.08 11:00:00";"23724.26";"0.32";"2025.09.08 20:51:00";"23746.57";"7.14";"17896.27";"OOS1";"TrailingStop";"-5.56";"40.72";"9h 51m";""
"45";"NAS100_DukasM1_Infinox";"Buy";"2025.10.15 03:00:00";"24601.23";"0.14";"2025.10.15 18:41:00";"24776.63";"24.56";"17920.83";"OOS1";"TrailingStop";"-4.74";"47.32";"15h 41m";""
"46";"NAS100_DukasM1_Infinox";"Buy";"2025.10.16 15:00:00";"24893.83";"0.22";"2025.10.16 18:46:00";"24790.97";"-22.63";"17898.20";"OOS1";"TrailingStop";"-22.63";"24.19";"3h 46m";""
"47";"NAS100_DukasM1_Infinox";"Buy";"2025.10.17 16:00:00";"24574.19";"0.16";"2025.10.21 16:42:00";"25074.12";"76.49";"17974.69";"OOS1";"TrailingStop";"-10.77";"100.74";"4d 0h 42m";""
"48";"NAS100_DukasM1_Infinox";"Buy";"2025.10.27 05:00:00";"25606.60";"0.27";"2025.10.29 16:50:00";"26101.67";"130.60";"18105.29";"OOS1";"TrailingStop";"-1.28";"155.81";"2d 11h 50m";""
"49";"NAS100_DukasM1_Infinox";"Buy";"2025.11.07 13:00:00";"25110.32";"0.17";"2025.11.10 18:05:00";"25384.20";"43.71";"18149.00";"OOS1";"TrailingStop";"-86.43";"76.65";"3d 5h 5m";""
"50";"NAS100_DukasM1_Infinox";"Buy";"2025.11.12 05:00:00";"25623.74";"0.24";"2025.11.12 16:31:00";"25611.84";"-2.86";"18146.14";"OOS1";"TrailingStop";"-8.00";"24.51";"11h 31m";""
"51";"NAS100_DukasM1_Infinox";"Buy";"2025.11.18 14:00:00";"24718.18";"0.14";"2025.11.19 18:24:00";"24604.87";"-16.63";"18129.51";"OOS1";"TrailingStop";"-59.00";"26.18";"1d 4h 24m";""
"52";"NAS100_DukasM1_Infinox";"Buy";"2025.11.21 13:00:00";"24019.49";"0.11";"2025.11.21 17:35:00";"23909.37";"-12.11";"18117.40";"OOS1";"TrailingStop";"-15.22";"22.49";"4h 35m";""
"53";"NAS100_DukasM1_Infinox";"Buy";"2025.11.24 22:00:00";"24842.90";"0.13";"2025.11.25 16:43:00";"24697.42";"-19.63";"18097.77";"OOS1";"TrailingStop";"-18.91";"10.04";"18h 43m";""
"54";"NAS100_DukasM1_Infinox";"Buy";"2025.11.26 02:00:00";"25026.52";"0.16";"2025.12.01 02:20:00";"25348.94";"47.14";"18144.91";"OOS1";"TrailingStop";"-3.33";"72.56";"5d 0h 20m";""
"55";"NAS100_DukasM1_Infinox";"Buy";"2025.12.17 15:00:00";"25238.67";"0.21";"2025.12.17 18:15:00";"24781.81";"-95.94";"18048.97";"OOS1";"SL";"-95.94";"1.81";"3h 15m";""
"56";"NAS100_DukasM1_Infinox";"Buy";"2025.12.18 12:00:00";"24863.14";"0.2";"2025.12.18 19:11:00";"24981.36";"23.64";"18072.61";"OOS1";"TrailingStop";"-6.77";"60.22";"7h 11m";""
"57";"NAS100_DukasM1_Infinox";"Buy";"2025.12.19 19:00:00";"25268.63";"0.18";"2025.12.22 17:35:00";"25423.08";"24.77";"18097.38";"OOS1";"TrailingStop";"-0.83";"51.86";"2d 22h 35m";""
"58";"NAS100_DukasM1_Infinox";"Buy";"2025.12.23 15:00:00";"25454.93";"0.4";"2025.12.26 10:10:00";"25627.50";"62.24";"18159.62";"OOS1";"TrailingStop";"-31.21";"96.71";"2d 19h 10m";""
