"Ticket";"Symbol";"Type";"Open time";"Open price";"Size";"Close time";"Close price";"Profit/Loss";"Balance";"Sample type";"Close type";"MAE ($)";"MFE ($)";"Time in trade";"Comment"
"1";"NAS100_DukasM1_Infinox";"Buy";"2012.03.09 18:00:00";"2651.05";"3.8";"2012.03.20 15:30:00";"2718.60";"230.53";"10230.53";"IS";"TrailingStop";"-58.10";"331.25";"10d 21h 30m";""
"2";"NAS100_DukasM1_Infinox";"Buy";"2012.04.17 18:00:00";"2707.46";"2.58";"2012.04.19 19:07:00";"2707.45";"-3.32";"10227.20";"IS";"TrailingStop";"-4.64";"80.26";"2d 1h 7m";""
"3";"NAS100_DukasM1_Infinox";"Buy";"2012.04.20 17:00:00";"2711.05";"2.64";"2012.04.23 16:30:00";"2649.81";"-166.74";"10060.46";"IS";"SL";"-161.67";"2.53";"2d 23h 30m";""
"4";"NAS100_DukasM1_Infinox";"Buy";"2012.04.25 17:00:00";"2711.17";"2.38";"2012.04.30 16:55:00";"2726.31";"28.42";"10088.87";"IS";"TrailingStop";"-35.82";"93.61";"4d 23h 55m";""
"5";"NAS100_DukasM1_Infinox";"Buy";"2012.05.15 17:00:00";"2599.18";"2.88";"2012.05.15 22:10:00";"2585.11";"-40.52";"10048.35";"IS";"TrailingStop";"-40.52";"51.98";"5h 10m";""
"6";"NAS100_DukasM1_Infinox";"Buy";"2012.05.16 17:00:00";"2596.01";"2.77";"2012.05.16 21:35:00";"2559.18";"-102.02";"9946.33";"IS";"SL";"-102.02";"0.80";"4h 35m";""
"7";"NAS100_DukasM1_Infinox";"Buy";"2012.06.18 21:00:00";"2597.58";"2.99";"2012.06.20 19:32:00";"2609.16";"30.96";"9977.29";"IS";"TrailingStop";"-25.50";"99.51";"1d 22h 32m";""
"8";"NAS100_DukasM1_Infinox";"Buy";"2012.06.29 18:00:00";"2595.91";"2.45";"2012.07.06 19:49:00";"2602.69";"6.10";"9983.39";"IS";"TrailingStop";"-6.15";"157.66";"7d 1h 49m";""
"9";"NAS100_DukasM1_Infinox";"Buy";"2012.07.17 22:00:00";"2598.02";"2.54";"2012.07.20 18:34:00";"2632.99";"84.15";"10067.54";"IS";"TrailingStop";"-36.32";"165.35";"2d 20h 34m";""
"10";"NAS100_DukasM1_Infinox";"Buy";"2012.07.26 17:00:00";"2589.08";"2.33";"2012.07.30 22:14:00";"2635.18";"101.72";"10169.25";"IS";"TrailingStop";"-48.35";"171.35";"4d 5h 14m";""
"11";"NAS100_DukasM1_Infinox";"Buy";"2012.10.03 17:00:00";"2805.60";"2.9";"2012.10.05 19:09:00";"2821.05";"40.96";"10210.22";"IS";"TrailingStop";"-22.79";"117.07";"2d 2h 9m";""
"12";"NAS100_DukasM1_Infinox";"Buy";"2012.10.11 17:00:00";"2747.68";"3.14";"2012.10.12 18:31:00";"2715.10";"-104.34";"10105.88";"IS";"SL";"-102.30";"9.51";"1d 1h 31m";""
"13";"NAS100_DukasM1_Infinox";"Buy";"2012.10.15 19:00:00";"2729.29";"3.05";"2012.10.18 16:42:00";"2762.86";"96.49";"10202.37";"IS";"TrailingStop";"-15.65";"169.34";"2d 21h 42m";""
"14";"NAS100_DukasM1_Infinox";"Buy";"2012.11.01 16:00:00";"2670.81";"2.7";"2012.11.02 19:20:00";"2679.99";"23.08";"10225.45";"IS";"TrailingStop";"-4.86";"83.97";"1d 3h 20m";""
"15";"NAS100_DukasM1_Infinox";"Buy";"2012.11.21 17:00:00";"2602.77";"2.82";"2012.11.28 16:30:00";"2626.98";"56.14";"10281.60";"IS";"TrailingStop";"-42.02";"159.56";"6d 23h 30m";""
"16";"NAS100_DukasM1_Infinox";"Buy";"2012.12.26 17:00:00";"2661.56";"3.4";"2012.12.26 18:29:00";"2631.35";"-102.71";"10178.88";"IS";"SL";"-102.71";"0.17";"1h 29m";""
"17";"NAS100_DukasM1_Infinox";"Buy";"2012.12.31 22:00:00";"2663.40";"2.37";"2013.01.04 17:03:00";"2722.72";"134.63";"10313.51";"IS";"TrailingStop";"-34.82";"207.19";"3d 19h 3m";""
"18";"NAS100_DukasM1_Infinox";"Buy";"2013.01.29 19:00:00";"2746.60";"3.64";"2013.01.30 22:19:00";"2736.82";"-37.96";"10275.55";"IS";"TrailingStop";"-35.60";"38.18";"1d 3h 19m";""
"19";"NAS100_DukasM1_Infinox";"Buy";"2013.05.23 22:00:00";"2999.69";"1.99";"2013.05.28 18:57:00";"3017.35";"28.10";"10303.65";"IS";"TrailingStop";"-30.08";"72.87";"4d 20h 57m";""
"20";"NAS100_DukasM1_Infinox";"Buy";"2013.06.17 11:18:00";"2971.50";"4.46";"2013.06.17 21:25:00";"2971.96";"2.05";"10305.70";"IS";"TrailingStop";"-34.07";"72.12";"10h 7m";""
"21";"NAS100_DukasM1_Infinox";"Buy";"2013.06.18 09:00:00";"2976.44";"5.05";"2013.06.19 16:51:00";"2988.05";"55.08";"10360.78";"IS";"TrailingStop";"-34.45";"128.46";"1d 7h 51m";""
"22";"NAS100_DukasM1_Infinox";"Buy";"2013.06.25 15:00:00";"2873.34";"2.82";"2013.06.28 15:15:00";"2904.70";"82.70";"10443.47";"IS";"TrailingStop";"-64.78";"141.86";"3d 0h 15m";""
"23";"NAS100_DukasM1_Infinox";"Buy";"2013.06.28 21:00:00";"2921.67";"3.82";"2013.07.01 21:21:00";"2927.15";"13.03";"10456.50";"IS";"TrailingStop";"-90.09";"109.89";"3d 0h 21m";""
"24";"NAS100_DukasM1_Infinox";"Buy";"2013.07.02 10:00:00";"2939.82";"4.42";"2013.07.02 20:37:00";"2925.97";"-61.22";"10395.29";"IS";"TrailingStop";"-77.20";"23.73";"10h 37m";""
"25";"NAS100_DukasM1_Infinox";"Buy";"2013.07.03 17:00:00";"2928.33";"3.75";"2013.07.05 15:05:00";"2961.92";"120.78";"10516.06";"IS";"TrailingStop";"-31.24";"169.73";"1d 22h 5m";""
"26";"NAS100_DukasM1_Infinox";"Buy";"2013.08.20 05:00:00";"3079.13";"4.84";"2013.08.21 04:46:00";"3078.19";"-8.07";"10507.99";"IS";"TrailingStop";"-75.64";"85.76";"23h 46m";""
"27";"NAS100_DukasM1_Infinox";"Buy";"2013.08.21 17:00:00";"3086.32";"5.32";"2013.08.21 21:05:00";"3066.75";"-104.11";"10403.88";"IS";"SL";"-104.11";"18.68";"4h 5m";""
"28";"NAS100_DukasM1_Infinox";"Buy";"2013.08.22 16:00:00";"3084.50";"4.47";"2013.08.22 19:55:00";"3082.79";"-7.64";"10396.24";"IS";"TrailingStop";"-14.64";"83.16";"3h 55m";""
"29";"NAS100_DukasM1_Infinox";"Buy";"2013.09.02 11:00:00";"3105.04";"3.56";"2013.09.03 11:53:00";"3098.38";"-26.32";"10369.92";"IS";"TrailingStop";"-23.71";"27.97";"1d 0h 53m";""
"30";"NAS100_DukasM1_Infinox";"Buy";"2013.09.06 15:00:00";"3137.44";"6.06";"2013.09.06 16:40:00";"3130.29";"-43.33";"10326.59";"IS";"TrailingStop";"-43.33";"44.45";"1h 40m";""
"31";"NAS100_DukasM1_Infinox";"Buy";"2013.10.10 18:00:00";"3193.26";"2.46";"2013.10.22 23:24:00";"3363.09";"393.67";"10720.26";"IS";"TrailingStop";"-18.10";"470.06";"12d 5h 24m";""
"32";"NAS100_DukasM1_Infinox";"Buy";"2013.11.12 17:00:00";"3363.95";"5.32";"2013.11.13 06:19:00";"3351.86";"-68.54";"10651.71";"IS";"TrailingStop";"-70.99";"33.96";"13h 19m";""
"33";"NAS100_DukasM1_Infinox";"Buy";"2013.11.14 21:00:00";"3411.91";"4.36";"2013.11.15 16:35:00";"3410.29";"-10.58";"10641.14";"IS";"TrailingStop";"-15.71";"49.04";"19h 35m";""
"34";"NAS100_DukasM1_Infinox";"Buy";"2013.11.25 21:00:00";"3436.27";"5.55";"2013.11.29 04:13:00";"3474.11";"192.00";"10833.14";"IS";"TrailingStop";"-80.34";"257.06";"3d 7h 13m";""
"35";"NAS100_DukasM1_Infinox";"Buy";"2013.12.18 22:05:00";"3480.71";"3.04";"2013.12.19 15:57:00";"3492.16";"32.31";"10865.45";"IS";"TrailingStop";"-5.71";"106.59";"17h 52m";""
"36";"NAS100_DukasM1_Infinox";"Buy";"2013.12.20 17:00:00";"3517.43";"5.24";"2013.12.23 11:25:00";"3545.92";"136.23";"11001.68";"IS";"TrailingStop";"-23.13";"220.16";"2d 18h 25m";""
"37";"NAS100_DukasM1_Infinox";"Buy";"2014.01.16 19:00:00";"3611.49";"5.33";"2014.01.17 16:50:00";"3591.96";"-108.64";"10893.04";"IS";"SL";"-104.09";"14.67";"21h 50m";""
"38";"NAS100_DukasM1_Infinox";"Buy";"2014.01.30 17:00:00";"3513.19";"2.17";"2014.01.31 16:30:00";"3488.78";"-54.77";"10838.27";"IS";"TrailingStop";"-52.97";"67.26";"23h 30m";""
"39";"NAS100_DukasM1_Infinox";"Buy";"2014.02.04 19:00:00";"3478.95";"1.98";"2014.02.05 17:21:00";"3427.88";"-102.75";"10735.53";"IS";"SL";"-101.12";"3.49";"22h 21m";""
"40";"NAS100_DukasM1_Infinox";"Buy";"2014.02.07 16:00:00";"3518.42";"1.81";"2014.02.12 17:47:00";"3621.68";"179.38";"10914.91";"IS";"TrailingStop";"-21.50";"214.44";"5d 1h 47m";""
"41";"NAS100_DukasM1_Infinox";"Buy";"2014.03.18 16:00:00";"3684.10";"3.39";"2014.03.19 15:39:00";"3694.00";"30.61";"10945.52";"IS";"TrailingStop";"-18.12";"91.70";"23h 39m";""
"42";"NAS100_DukasM1_Infinox";"Buy";"2014.03.20 17:00:00";"3688.85";"3.28";"2014.03.21 15:51:00";"3695.91";"20.30";"10965.82";"IS";"TrailingStop";"-29.97";"99.95";"22h 51m";""
"43";"NAS100_DukasM1_Infinox";"Buy";"2014.03.28 16:00:00";"3597.53";"3.12";"2014.03.28 19:12:00";"3584.29";"-41.31";"10924.51";"IS";"TrailingStop";"-41.31";"34.38";"3h 12m";""
"44";"NAS100_DukasM1_Infinox";"Buy";"2014.03.31 17:00:00";"3612.65";"3.4";"2014.04.02 17:15:00";"3651.62";"126.70";"11051.21";"IS";"TrailingStop";"-90.25";"211.56";"2d 0h 15m";""
"45";"NAS100_DukasM1_Infinox";"Buy";"2014.04.03 13:00:00";"3670.76";"5.51";"2014.04.03 17:18:00";"3660.52";"-56.42";"10994.79";"IS";"TrailingStop";"-60.84";"27.02";"4h 18m";""
"46";"NAS100_DukasM1_Infinox";"Buy";"2014.04.09 18:00:00";"3559.93";"3.31";"2014.04.10 12:39:00";"3586.74";"85.96";"11080.75";"IS";"TrailingStop";"-26.85";"155.22";"18h 39m";""
"47";"NAS100_DukasM1_Infinox";"Buy";"2014.04.14 18:00:00";"3489.99";"2.26";"2014.04.14 22:12:00";"3444.99";"-101.70";"10979.05";"IS";"SL";"-101.70";"7.13";"4h 12m";""
"48";"NAS100_DukasM1_Infinox";"Buy";"2014.04.16 23:05:00";"3518.87";"2.27";"2014.04.21 17:36:00";"3526.11";"8.89";"10987.94";"IS";"TrailingStop";"-42.75";"80.40";"4d 18h 31m";""
"49";"NAS100_DukasM1_Infinox";"Buy";"2014.04.21 19:00:00";"3549.95";"3.39";"2014.04.23 16:35:00";"3577.54";"87.85";"11075.79";"IS";"TrailingStop";"-23.50";"156.74";"1d 21h 35m";""
"50";"NAS100_DukasM1_Infinox";"Buy";"2014.04.30 18:00:00";"3573.36";"3.41";"2014.05.01 16:35:00";"3577.29";"10.52";"11086.31";"IS";"TrailingStop";"-33.63";"67.60";"22h 35m";""
"51";"NAS100_DukasM1_Infinox";"Buy";"2014.05.01 18:00:00";"3604.12";"4.19";"2014.05.02 17:49:00";"3579.47";"-106.85";"10979.46";"IS";"SL";"-103.28";"34.38";"23h 49m";""
"52";"NAS100_DukasM1_Infinox";"Buy";"2014.05.09 20:00:00";"3549.92";"2.72";"2014.05.13 16:37:00";"3604.30";"138.79";"11118.25";"IS";"TrailingStop";"-52.26";"186.08";"3d 20h 37m";""
"53";"NAS100_DukasM1_Infinox";"Buy";"2014.05.13 18:00:00";"3621.17";"4.41";"2014.05.14 15:46:00";"3597.71";"-107.23";"11011.03";"IS";"SL";"-103.46";"0.00";"21h 46m";""
"54";"NAS100_DukasM1_Infinox";"Buy";"2014.07.22 10:00:00";"3941.72";"5.68";"2014.07.22 23:03:00";"3948.81";"34.99";"11046.01";"IS";"TrailingStop";"-34.44";"136.44";"13h 3m";""
"55";"NAS100_DukasM1_Infinox";"Buy";"2014.08.05 10:00:00";"3899.00";"3.94";"2014.08.05 15:13:00";"3885.83";"-51.89";"10994.12";"IS";"TrailingStop";"-51.89";"23.20";"5h 13m";""
"56";"NAS100_DukasM1_Infinox";"Buy";"2014.08.06 19:00:00";"3895.18";"2.79";"2014.08.07 19:36:00";"3858.61";"-104.60";"10889.53";"IS";"SL";"-102.03";"3.30";"1d 0h 36m";""
"57";"NAS100_DukasM1_Infinox";"Buy";"2014.08.08 21:00:00";"3885.59";"2.69";"2014.08.12 14:51:00";"3906.42";"46.16";"10935.69";"IS";"TrailingStop";"-27.49";"93.02";"3d 17h 51m";""
"58";"NAS100_DukasM1_Infinox";"Buy";"2014.08.13 11:00:00";"3921.93";"4.98";"2014.08.15 17:47:00";"3978.36";"271.80";"11207.49";"IS";"TrailingStop";"-24.29";"370.38";"2d 6h 47m";""
"59";"NAS100_DukasM1_Infinox";"Buy";"2014.08.15 23:00:00";"3987.33";"3.3";"2014.08.20 21:05:00";"4032.15";"132.37";"11339.86";"IS";"TrailingStop";"-5.96";"189.35";"4d 22h 5m";""
"60";"NAS100_DukasM1_Infinox";"Buy";"2014.09.17 22:00:00";"4084.13";"3.71";"2014.09.19 16:35:00";"4108.88";"84.67";"11424.52";"IS";"TrailingStop";"-60.74";"150.19";"1d 18h 35m";""
"61";"NAS100_DukasM1_Infinox";"Buy";"2014.09.26 21:00:00";"4032.45";"3.2";"2014.09.29 10:36:00";"4033.44";"-5.97";"11418.55";"IS";"TrailingStop";"-11.63";"83.55";"2d 13h 36m";""
"62";"NAS100_DukasM1_Infinox";"Buy";"2014.09.30 10:00:00";"4053.87";"3.35";"2014.09.30 16:40:00";"4047.70";"-20.67";"11397.88";"IS";"TrailingStop";"-20.70";"52.02";"6h 40m";""
"63";"NAS100_DukasM1_Infinox";"Buy";"2014.10.03 12:00:00";"4003.68";"3.35";"2014.10.06 17:50:00";"4022.29";"52.84";"11450.73";"IS";"TrailingStop";"-32.81";"142.97";"3d 5h 50m";""
"64";"NAS100_DukasM1_Infinox";"Buy";"2014.10.08 21:00:00";"3985.75";"2.65";"2014.10.09 14:41:00";"4029.04";"112.22";"11562.95";"IS";"TrailingStop";"-5.02";"180.79";"17h 41m";""
"65";"NAS100_DukasM1_Infinox";"Buy";"2014.10.14 19:00:00";"3853.73";"1.64";"2014.10.15 14:20:00";"3792.25";"-102.32";"11460.63";"IS";"SL";"-100.83";"8.62";"19h 20m";""
"66";"NAS100_DukasM1_Infinox";"Buy";"2014.10.16 21:00:00";"3773.38";"1.2";"2014.10.20 14:09:00";"3802.13";"30.22";"11490.85";"IS";"TrailingStop";"-42.45";"89.28";"3d 17h 9m";""
"67";"NAS100_DukasM1_Infinox";"Buy";"2014.10.20 16:00:00";"3816.96";"1.99";"2014.10.22 19:44:00";"3959.01";"279.09";"11769.95";"IS";"TrailingStop";"-32.66";"346.10";"2d 3h 44m";""
"68";"NAS100_DukasM1_Infinox";"Buy";"2014.10.23 17:00:00";"3995.25";"2.54";"2014.10.24 03:35:00";"3995.14";"-2.68";"11767.27";"IS";"TrailingStop";"-7.63";"91.71";"10h 35m";""
"69";"NAS100_DukasM1_Infinox";"Buy";"2014.12.17 19:00:00";"4133.80";"1.77";"2014.12.19 16:28:00";"4267.49";"233.18";"12000.45";"IS";"TrailingStop";"-48.89";"294.08";"1d 21h 28m";""
"70";"NAS100_DukasM1_Infinox";"Buy";"2014.12.19 22:00:00";"4301.77";"2.41";"2014.12.23 16:48:00";"4288.27";"-42.33";"11958.12";"IS";"TrailingStop";"-60.87";"22.12";"3d 18h 48m";""
"71";"NAS100_DukasM1_Infinox";"Buy";"2015.01.07 17:00:00";"4148.43";"2.32";"2015.01.09 16:57:00";"4228.57";"181.38";"12139.50";"IS";"TrailingStop";"-56.77";"254.20";"1d 23h 57m";""
"72";"NAS100_DukasM1_Infinox";"Buy";"2015.01.15 08:00:00";"4177.68";"1.9";"2015.01.15 11:45:00";"4157.55";"-38.25";"12101.25";"IS";"TrailingStop";"-38.25";"34.75";"3h 45m";""
"73";"NAS100_DukasM1_Infinox";"Buy";"2015.01.16 18:00:00";"4112.74";"1.43";"2015.01.20 16:48:00";"4144.34";"39.63";"12140.89";"IS";"TrailingStop";"-24.22";"87.59";"3d 22h 48m";""
"74";"NAS100_DukasM1_Infinox";"Buy";"2015.01.20 22:00:00";"4178.54";"1.88";"2015.01.21 16:31:00";"4150.55";"-54.48";"12086.41";"IS";"TrailingStop";"-52.62";"11.35";"18h 31m";""
"75";"NAS100_DukasM1_Infinox";"Buy";"2015.01.21 18:00:00";"4205.63";"1.93";"2015.01.22 16:40:00";"4183.10";"-45.40";"12041.01";"IS";"TrailingStop";"-71.09";"39.84";"22h 40m";""
"76";"NAS100_DukasM1_Infinox";"Buy";"2015.01.22 18:00:00";"4235.63";"1.84";"2015.01.26 01:05:00";"4263.16";"43.30";"12084.31";"IS";"TrailingStop";"-23.06";"103.72";"3d 7h 5m";""
"77";"NAS100_DukasM1_Infinox";"Buy";"2015.02.02 23:00:00";"4187.85";"1.46";"2015.02.03 18:05:00";"4178.84";"-14.60";"12069.71";"IS";"TrailingStop";"-21.81";"45.01";"19h 5m";""
"78";"NAS100_DukasM1_Infinox";"Buy";"2015.02.04 13:00:00";"4214.20";"2.53";"2015.02.04 23:30:00";"4206.92";"-20.94";"12048.77";"IS";"TrailingStop";"-44.18";"85.94";"10h 30m";""
"79";"NAS100_DukasM1_Infinox";"Buy";"2015.03.12 20:00:00";"4332.42";"3.22";"2015.03.13 14:00:00";"4323.72";"-31.31";"12017.46";"IS";"TrailingStop";"-36.64";"27.62";"18h 0m";""
"80";"NAS100_DukasM1_Infinox";"Buy";"2015.03.13 16:00:00";"4337.93";"3.64";"2015.03.13 16:53:00";"4309.66";"-102.90";"11914.56";"IS";"SL";"-102.90";"3.89";"53m 0s";""
"81";"NAS100_DukasM1_Infinox";"Buy";"2015.03.16 17:00:00";"4356.89";"2.93";"2015.03.18 12:29:00";"4369.91";"32.12";"11946.68";"IS";"TrailingStop";"-25.61";"81.76";"1d 19h 29m";""
"82";"NAS100_DukasM1_Infinox";"Buy";"2015.03.18 21:00:00";"4418.79";"2.94";"2015.03.19 10:58:00";"4421.25";"4.17";"11950.85";"IS";"TrailingStop";"-29.84";"68.23";"13h 58m";""
"83";"NAS100_DukasM1_Infinox";"Buy";"2015.03.20 11:00:00";"4443.87";"4.15";"2015.03.20 22:00:00";"4456.70";"53.24";"12004.09";"IS";"TrailingStop";"-17.18";"143.37";"11h 0m";""
"84";"NAS100_DukasM1_Infinox";"Buy";"2015.03.30 06:02:00";"4348.80";"2.54";"2015.03.31 12:54:00";"4360.63";"27.44";"12031.53";"IS";"TrailingStop";"-10.74";"99.54";"1d 6h 52m";""
"85";"NAS100_DukasM1_Infinox";"Buy";"2015.04.02 17:00:00";"4323.73";"2.73";"2015.04.06 02:00:00";"4274.17";"-146.45";"11885.08";"IS";"SL";"-135.30";"11.66";"3d 9h 0m";""
"86";"NAS100_DukasM1_Infinox";"Buy";"2015.04.06 17:00:00";"4317.09";"2.76";"2015.04.07 22:37:00";"4351.74";"92.82";"11977.91";"IS";"TrailingStop";"-9.54";"173.61";"1d 5h 37m";""
"87";"NAS100_DukasM1_Infinox";"Buy";"2015.04.08 17:00:00";"4376.29";"3.22";"2015.04.09 11:01:00";"4362.77";"-46.86";"11931.04";"IS";"TrailingStop";"-90.11";"34.42";"18h 1m";""
"88";"NAS100_DukasM1_Infinox";"Buy";"2015.04.09 20:00:00";"4388.26";"2.74";"2015.04.13 20:04:00";"4428.68";"99.40";"12030.44";"IS";"TrailingStop";"-24.09";"165.03";"4d 0h 4m";""
"89";"NAS100_DukasM1_Infinox";"Buy";"2015.04.22 22:00:00";"4460.93";"2.43";"2015.04.27 19:10:00";"4538.46";"175.60";"12206.04";"IS";"TrailingStop";"-86.92";"248.03";"4d 21h 10m";""
"90";"NAS100_DukasM1_Infinox";"Buy";"2015.05.08 19:00:00";"4466.29";"1.93";"2015.05.12 11:03:00";"4413.86";"-109.33";"12096.71";"IS";"SL";"-101.19";"2.99";"3d 16h 3m";""
"91";"NAS100_DukasM1_Infinox";"Buy";"2015.05.14 12:00:00";"4452.76";"2.2";"2015.05.15 17:01:00";"4485.60";"69.94";"12166.65";"IS";"TrailingStop";"-15.31";"125.93";"1d 5h 1m";""
"92";"NAS100_DukasM1_Infinox";"Buy";"2015.05.18 17:00:00";"4493.76";"3.06";"2015.05.19 17:10:00";"4507.04";"37.39";"12204.04";"IS";"TrailingStop";"-27.42";"104.50";"1d 0h 10m";""
"93";"NAS100_DukasM1_Infinox";"Buy";"2015.06.10 11:00:00";"4444.79";"2.27";"2015.06.11 17:39:00";"4485.86";"90.85";"12294.88";"IS";"TrailingStop";"-24.72";"150.29";"1d 6h 39m";""
"94";"NAS100_DukasM1_Infinox";"Buy";"2015.06.16 17:00:00";"4439.74";"2.42";"2015.06.17 19:15:00";"4448.28";"18.13";"12313.01";"IS";"TrailingStop";"-38.43";"78.06";"1d 2h 15m";""
"95";"NAS100_DukasM1_Infinox";"Buy";"2015.06.17 22:00:00";"4481.79";"2.33";"2015.06.19 16:49:00";"4518.83";"81.37";"12394.38";"IS";"TrailingStop";"-81.34";"147.28";"1d 18h 49m";""
"96";"NAS100_DukasM1_Infinox";"Buy";"2015.06.22 12:00:00";"4551.73";"2.62";"2015.06.23 17:40:00";"4529.98";"-59.80";"12334.58";"IS";"TrailingStop";"-56.98";"16.31";"1d 5h 40m";""
"97";"NAS100_DukasM1_Infinox";"Buy";"2015.07.01 10:00:00";"4419.78";"1.84";"2015.07.01 20:00:00";"4409.85";"-18.27";"12316.31";"IS";"TrailingStop";"-18.27";"54.18";"10h 0m";""
"98";"NAS100_DukasM1_Infinox";"Buy";"2015.07.06 17:00:00";"4417.75";"2.41";"2015.07.06 20:41:00";"4403.88";"-33.43";"12282.89";"IS";"TrailingStop";"-33.43";"63.25";"3h 41m";""
"99";"NAS100_DukasM1_Infinox";"Buy";"2015.07.10 19:00:00";"4423.77";"1.83";"2015.07.15 21:42:00";"4523.35";"172.67";"12455.56";"IS";"TrailingStop";"-35.68";"224.59";"5d 2h 42m";""
"100";"NAS100_DukasM1_Infinox";"Buy";"2015.08.11 14:00:00";"4568.64";"2.26";"2015.08.11 18:08:00";"4523.73";"-101.50";"12354.06";"IS";"SL";"-101.50";"0.00";"4h 8m";""
"101";"NAS100_DukasM1_Infinox";"Buy";"2015.08.12 21:00:00";"4518.76";"1.51";"2015.08.13 17:15:00";"4512.72";"-10.73";"12343.33";"IS";"TrailingStop";"-22.06";"63.74";"20h 15m";""
"102";"NAS100_DukasM1_Infinox";"Buy";"2015.08.17 10:00:00";"4542.79";"2.08";"2015.08.18 20:50:00";"4537.64";"-12.94";"12330.39";"IS";"TrailingStop";"-74.74";"52.79";"1d 10h 50m";""
"103";"NAS100_DukasM1_Infinox";"Buy";"2015.08.24 18:00:00";"4108.28";"0.73";"2015.08.24 21:45:00";"4079.07";"-21.32";"12309.07";"IS";"TrailingStop";"-28.01";"66.02";"3h 45m";""
"104";"NAS100_DukasM1_Infinox";"Buy";"2015.08.25 11:00:00";"4130.95";"0.58";"2015.08.25 22:33:00";"4084.61";"-26.88";"12282.19";"IS";"TrailingStop";"-26.88";"44.78";"11h 33m";""
"105";"NAS100_DukasM1_Infinox";"Buy";"2015.08.26 22:00:00";"4154.91";"0.61";"2015.08.27 22:04:00";"4241.84";"52.43";"12334.62";"IS";"TrailingStop";"-6.71";"106.80";"1d 0h 4m";""
"106";"NAS100_DukasM1_Infinox";"Buy";"2015.08.27 23:00:00";"4327.80";"0.69";"2015.09.01 09:00:00";"4184.06";"-102.71";"12231.91";"IS";"SL";"-99.18";"9.80";"4d 10h 0m";""
"107";"NAS100_DukasM1_Infinox";"Buy";"2015.09.01 18:00:00";"4212.86";"0.95";"2015.09.03 20:10:00";"4238.72";"22.68";"12254.59";"IS";"TrailingStop";"-87.31";"88.59";"2d 2h 10m";""
"108";"NAS100_DukasM1_Infinox";"Buy";"2015.09.07 10:00:00";"4235.18";"1.14";"2015.09.09 17:35:00";"4317.86";"91.97";"12346.56";"IS";"TrailingStop";"-34.90";"154.83";"2d 7h 35m";""
"109";"NAS100_DukasM1_Infinox";"Buy";"2015.09.10 21:00:00";"4315.77";"1.13";"2015.09.14 18:31:00";"4298.65";"-23.95";"12322.61";"IS";"TrailingStop";"-63.18";"37.55";"3d 21h 31m";""
"110";"NAS100_DukasM1_Infinox";"Buy";"2015.09.25 12:00:00";"4322.17";"1.26";"2015.09.25 21:28:00";"4242.01";"-101.00";"12221.61";"IS";"SL";"-101.00";"2.30";"9h 28m";""
"111";"NAS100_DukasM1_Infinox";"Buy";"2015.09.30 14:00:00";"4141.77";"1.27";"2015.10.01 15:02:00";"4180.01";"47.32";"12268.93";"IS";"TrailingStop";"-22.69";"119.67";"1d 1h 2m";""
"112";"NAS100_DukasM1_Infinox";"Buy";"2015.10.02 23:00:00";"4268.81";"1.1";"2015.10.06 18:33:00";"4291.26";"20.26";"12289.19";"IS";"TrailingStop";"-4.28";"77.36";"3d 19h 33m";""
"113";"NAS100_DukasM1_Infinox";"Buy";"2015.11.17 19:00:00";"4593.66";"1.95";"2015.11.23 20:58:00";"4678.06";"151.89";"12441.08";"IS";"TrailingStop";"-77.46";"222.38";"6d 1h 58m";""
"114";"NAS100_DukasM1_Infinox";"Buy";"2015.12.08 22:00:00";"4701.37";"1.61";"2015.12.09 19:18:00";"4638.59";"-102.86";"12338.22";"IS";"SL";"-101.08";"10.16";"21h 18m";""
"115";"NAS100_DukasM1_Infinox";"Buy";"2015.12.15 11:00:00";"4594.68";"1.23";"2015.12.16 21:00:00";"4586.54";"-11.35";"12326.87";"IS";"TrailingStop";"-10.01";"55.86";"1d 10h 0m";""
"116";"NAS100_DukasM1_Infinox";"Buy";"2015.12.16 22:00:00";"4658.44";"1.31";"2015.12.17 17:49:00";"4643.06";"-21.59";"12305.28";"IS";"TrailingStop";"-24.91";"41.56";"19h 49m";""
"117";"NAS100_DukasM1_Infinox";"Buy";"2015.12.18 17:00:00";"4583.95";"1.37";"2015.12.28 10:07:00";"4612.02";"23.63";"12328.91";"IS";"TrailingStop";"-99.42";"71.31";"9d 17h 7m";""
"118";"NAS100_DukasM1_Infinox";"Buy";"2015.12.29 10:00:00";"4629.78";"2.81";"2015.12.30 16:35:00";"4677.42";"130.80";"12459.71";"IS";"TrailingStop";"-5.58";"208.55";"1d 6h 35m";""
"119";"NAS100_DukasM1_Infinox";"Buy";"2016.01.07 18:00:00";"4398.65";"1.07";"2016.01.07 21:34:00";"4304.85";"-100.37";"12359.34";"IS";"SL";"-100.37";"4.65";"3h 34m";""
"120";"NAS100_DukasM1_Infinox";"Buy";"2016.01.12 13:00:00";"4315.69";"0.99";"2016.01.12 21:04:00";"4279.45";"-35.88";"12323.47";"IS";"TrailingStop";"-35.88";"36.94";"8h 4m";""
"121";"NAS100_DukasM1_Infinox";"Buy";"2016.01.13 10:00:00";"4355.76";"1.03";"2016.01.13 18:49:00";"4301.11";"-56.29";"12267.18";"IS";"TrailingStop";"-56.29";"16.73";"8h 49m";""
"122";"NAS100_DukasM1_Infinox";"Buy";"2016.01.14 18:00:00";"4224.69";"0.86";"2016.01.15 09:00:00";"4223.07";"-2.25";"12264.92";"IS";"TrailingStop";"-16.29";"71.64";"15h 0m";""
"123";"NAS100_DukasM1_Infinox";"Buy";"2016.01.19 10:00:00";"4212.79";"1.02";"2016.01.19 16:51:00";"4163.98";"-49.79";"12215.14";"IS";"TrailingStop";"-49.79";"10.41";"6h 51m";""
"124";"NAS100_DukasM1_Infinox";"Buy";"2016.01.20 21:00:00";"4097.67";"0.87";"2016.01.25 22:24:00";"4206.11";"90.13";"12305.27";"IS";"TrailingStop";"-22.27";"147.71";"5d 1h 24m";""
"125";"NAS100_DukasM1_Infinox";"Buy";"2016.01.26 19:00:00";"4225.04";"1.19";"2016.01.27 11:53:00";"4185.02";"-48.81";"12256.46";"IS";"TrailingStop";"-47.62";"31.82";"16h 53m";""
"126";"NAS100_DukasM1_Infinox";"Buy";"2016.01.29 10:00:00";"4201.79";"1.08";"2016.02.02 16:41:00";"4238.62";"35.49";"12291.95";"IS";"TrailingStop";"-33.39";"107.14";"4d 6h 41m";""
"127";"NAS100_DukasM1_Infinox";"Buy";"2016.02.10 12:00:00";"4000.77";"0.88";"2016.02.11 09:00:00";"3950.25";"-45.29";"12246.66";"IS";"TrailingStop";"-44.46";"39.28";"21h 0m";""
"128";"NAS100_DukasM1_Infinox";"Buy";"2016.02.12 10:00:00";"3980.93";"0.91";"2016.02.16 18:05:00";"4054.86";"63.86";"12310.52";"IS";"TrailingStop";"-14.50";"110.66";"4d 8h 5m";""
"129";"NAS100_DukasM1_Infinox";"Buy";"2016.02.17 12:00:00";"4114.41";"1.53";"2016.02.18 17:01:00";"4180.33";"99.37";"12409.89";"IS";"TrailingStop";"-5.72";"174.07";"1d 5h 1m";""
"130";"NAS100_DukasM1_Infinox";"Buy";"2016.04.26 10:00:00";"4482.29";"2.23";"2016.04.26 17:26:00";"4465.22";"-38.07";"12371.82";"IS";"TrailingStop";"-38.07";"32.62";"7h 26m";""
"131";"NAS100_DukasM1_Infinox";"Buy";"2016.04.28 17:00:00";"4433.47";"2.23";"2016.04.28 20:11:00";"4413.79";"-43.89";"12327.94";"IS";"TrailingStop";"-43.89";"29.22";"3h 11m";""
"132";"NAS100_DukasM1_Infinox";"Buy";"2016.05.02 20:00:00";"4354.14";"1.94";"2016.05.03 11:21:00";"4346.96";"-15.92";"12312.01";"IS";"TrailingStop";"-13.93";"62.82";"15h 21m";""
"133";"NAS100_DukasM1_Infinox";"Buy";"2016.05.03 16:00:00";"4353.62";"2.2";"2016.05.04 11:39:00";"4328.24";"-58.10";"12253.92";"IS";"TrailingStop";"-58.79";"33.24";"19h 39m";""
"134";"NAS100_DukasM1_Infinox";"Buy";"2016.05.06 21:00:00";"4319.32";"1.97";"2016.05.11 20:59:00";"4375.31";"100.26";"12354.17";"IS";"TrailingStop";"-6.71";"174.90";"4d 23h 59m";""
"135";"NAS100_DukasM1_Infinox";"Buy";"2016.05.13 17:00:00";"4350.18";"2.05";"2016.05.13 21:39:00";"4320.84";"-60.15";"12294.02";"IS";"TrailingStop";"-60.15";"30.51";"4h 39m";""
"136";"NAS100_DukasM1_Infinox";"Buy";"2016.05.16 17:00:00";"4350.05";"2.15";"2016.05.17 16:41:00";"4364.13";"28.06";"12322.09";"IS";"TrailingStop";"-25.69";"99.67";"23h 41m";""
"137";"NAS100_DukasM1_Infinox";"Buy";"2016.05.18 17:00:00";"4332.42";"2.24";"2016.05.18 21:06:00";"4323.22";"-20.61";"12301.48";"IS";"TrailingStop";"-20.61";"62.67";"4h 6m";""
"138";"NAS100_DukasM1_Infinox";"Buy";"2016.05.20 11:00:00";"4338.82";"1.91";"2016.05.24 09:00:00";"4346.53";"6.90";"12308.38";"IS";"TrailingStop";"-21.78";"84.18";"3d 22h 0m";""
"139";"NAS100_DukasM1_Infinox";"Buy";"2016.05.24 16:00:00";"4383.20";"2.5";"2016.05.31 19:06:00";"4509.31";"297.16";"12605.54";"IS";"TrailingStop";"-10.71";"358.04";"7d 3h 6m";""
"140";"NAS100_DukasM1_Infinox";"Buy";"2016.06.15 10:00:00";"4433.41";"2.21";"2016.06.15 22:44:00";"4414.18";"-42.50";"12563.04";"IS";"TrailingStop";"-42.50";"18.86";"12h 44m";""
"141";"NAS100_DukasM1_Infinox";"Buy";"2016.06.16 20:00:00";"4402.26";"2.14";"2016.06.17 16:31:00";"4400.77";"-5.41";"12557.63";"IS";"TrailingStop";"-20.13";"61.75";"20h 31m";""
"142";"NAS100_DukasM1_Infinox";"Buy";"2016.06.20 17:00:00";"4433.98";"2.32";"2016.06.20 22:16:00";"4414.45";"-45.31";"12512.32";"IS";"TrailingStop";"-45.31";"25.79";"5h 16m";""
"143";"NAS100_DukasM1_Infinox";"Buy";"2016.06.22 18:00:00";"4433.99";"2.59";"2016.06.23 16:42:00";"4420.77";"-36.95";"12475.37";"IS";"TrailingStop";"-90.09";"77.72";"22h 42m";""
"144";"NAS100_DukasM1_Infinox";"Buy";"2016.06.24 09:00:00";"4256.57";"2.18";"2016.06.24 19:58:00";"4297.61";"89.47";"12564.84";"IS";"TrailingStop";"-19.92";"253.06";"10h 58m";""
"145";"NAS100_DukasM1_Infinox";"Buy";"2016.06.28 17:00:00";"4272.37";"1.4";"2016.07.05 09:41:00";"4427.42";"207.18";"12772.02";"IS";"TrailingStop";"-37.10";"261.07";"6d 16h 41m";""
"146";"NAS100_DukasM1_Infinox";"Buy";"2016.08.29 14:00:00";"4787.16";"2.59";"2016.08.30 13:13:00";"4779.39";"-23.05";"12748.97";"IS";"TrailingStop";"-20.12";"46.41";"23h 13m";""
"147";"NAS100_DukasM1_Infinox";"Buy";"2016.09.01 10:00:00";"4788.27";"3.1";"2016.09.01 17:20:00";"4768.68";"-60.73";"12688.24";"IS";"TrailingStop";"-60.73";"16.43";"7h 20m";""
"148";"NAS100_DukasM1_Infinox";"Buy";"2016.09.02 16:00:00";"4799.64";"2.99";"2016.09.02 19:15:00";"4789.82";"-29.36";"12658.88";"IS";"TrailingStop";"-29.36";"51.16";"3h 15m";""
"149";"NAS100_DukasM1_Infinox";"Buy";"2016.09.05 10:00:00";"4805.31";"2.91";"2016.09.06 17:27:00";"4795.97";"-30.48";"12628.40";"IS";"TrailingStop";"-70.83";"37.77";"1d 7h 27m";""
"150";"NAS100_DukasM1_Infinox";"Buy";"2016.09.14 18:00:00";"4757.80";"1.93";"2016.09.14 22:28:00";"4730.71";"-52.28";"12576.12";"IS";"TrailingStop";"-52.28";"25.26";"4h 28m";""
"151";"NAS100_DukasM1_Infinox";"Buy";"2016.09.15 13:00:00";"4750.26";"2.01";"2016.09.19 17:57:00";"4814.95";"121.01";"12697.13";"IS";"TrailingStop";"-20.58";"190.37";"4d 4h 57m";""
"152";"NAS100_DukasM1_Infinox";"Buy";"2016.10.18 10:00:00";"4828.15";"2.37";"2016.10.19 09:04:00";"4832.76";"8.22";"12705.35";"IS";"TrailingStop";"-10.81";"78.34";"23h 4m";""
"153";"NAS100_DukasM1_Infinox";"Buy";"2016.10.19 18:00:00";"4843.79";"2.97";"2016.10.20 16:38:00";"4824.01";"-62.14";"12643.21";"IS";"TrailingStop";"-58.75";"8.17";"22h 38m";""
"154";"NAS100_DukasM1_Infinox";"Buy";"2016.10.21 10:00:00";"4848.23";"2.59";"2016.10.25 16:31:00";"4904.47";"133.80";"12777.01";"IS";"TrailingStop";"-73.37";"195.57";"4d 6h 31m";""
"155";"NAS100_DukasM1_Infinox";"Buy";"2016.11.04 19:00:00";"4697.33";"2.21";"2016.11.08 21:42:00";"4794.77";"205.54";"12982.55";"IS";"TrailingStop";"-90.52";"281.13";"4d 2h 42m";""
"156";"NAS100_DukasM1_Infinox";"Buy";"2016.11.09 17:00:00";"4793.87";"0.97";"2016.11.10 17:05:00";"4809.31";"13.88";"12996.43";"IS";"TrailingStop";"-43.46";"87.30";"1d 0h 5m";""
"157";"NAS100_DukasM1_Infinox";"Buy";"2016.11.11 20:00:00";"4742.17";"1.03";"2016.11.14 16:53:00";"4720.28";"-26.01";"12970.42";"IS";"TrailingStop";"-22.55";"38.32";"2d 20h 53m";""
"158";"NAS100_DukasM1_Infinox";"Buy";"2016.11.15 17:00:00";"4754.97";"1.4";"2016.11.18 17:35:00";"4807.75";"69.18";"13039.59";"IS";"TrailingStop";"-25.90";"119.48";"3d 0h 35m";""
"159";"NAS100_DukasM1_Infinox";"Buy";"2016.12.05 18:00:00";"4791.60";"1.93";"2016.12.07 16:49:00";"4769.21";"-47.58";"12992.02";"IS";"TrailingStop";"-49.54";"8.82";"1d 22h 49m";""
"160";"NAS100_DukasM1_Infinox";"Buy";"2016.12.07 20:00:00";"4809.63";"2.54";"2016.12.12 09:08:00";"4871.14";"141.81";"13133.83";"IS";"TrailingStop";"-7.13";"222.55";"4d 13h 8m";""
"161";"NAS100_DukasM1_Infinox";"Buy";"2017.03.24 16:00:00";"5387.11";"2.7";"2017.03.24 19:57:00";"5367.80";"-52.14";"13081.69";"IS";"TrailingStop";"-52.14";"15.48";"3h 57m";""
"162";"NAS100_DukasM1_Infinox";"Buy";"2017.03.27 18:00:00";"5354.77";"2.18";"2017.03.30 19:40:00";"5425.37";"145.64";"13227.33";"IS";"TrailingStop";"-17.88";"199.25";"3d 1h 40m";""
"163";"NAS100_DukasM1_Infinox";"Buy";"2017.04.10 10:00:00";"5428.07";"2.5";"2017.04.10 19:11:00";"5411.47";"-41.50";"13185.83";"IS";"TrailingStop";"-41.50";"35.00";"9h 11m";""
"164";"NAS100_DukasM1_Infinox";"Buy";"2017.04.17 17:00:00";"5375.07";"2.95";"2017.04.18 12:39:00";"5378.53";"6.46";"13192.30";"IS";"TrailingStop";"-8.26";"77.58";"19h 39m";""
"165";"NAS100_DukasM1_Infinox";"Buy";"2017.04.19 12:00:00";"5403.35";"3.04";"2017.04.19 20:13:00";"5406.50";"9.58";"13201.87";"IS";"TrailingStop";"-6.93";"84.27";"8h 13m";""
"166";"NAS100_DukasM1_Infinox";"Buy";"2017.04.20 13:00:00";"5418.35";"3.19";"2017.04.21 16:54:00";"5433.66";"44.76";"13246.63";"IS";"TrailingStop";"-23.55";"118.11";"1d 3h 54m";""
"167";"NAS100_DukasM1_Infinox";"Buy";"2017.05.22 10:00:00";"5659.97";"2.21";"2017.05.26 14:33:00";"5768.85";"228.81";"13475.44";"IS";"TrailingStop";"-35.58";"293.71";"4d 4h 33m";""
"168";"NAS100_DukasM1_Infinox";"Buy";"2017.06.16 10:00:00";"5716.37";"1.53";"2017.06.20 17:02:00";"5746.12";"37.26";"13512.70";"IS";"TrailingStop";"-97.31";"93.02";"4d 7h 2m";""
"169";"NAS100_DukasM1_Infinox";"Buy";"2017.06.21 17:00:00";"5740.17";"2.0";"2017.06.22 16:37:00";"5771.83";"60.61";"13573.31";"IS";"TrailingStop";"-3.80";"137.60";"23h 37m";""
"170";"NAS100_DukasM1_Infinox";"Buy";"2017.06.23 20:00:00";"5803.97";"2.16";"2017.06.26 17:16:00";"5811.88";"8.20";"13581.51";"IS";"TrailingStop";"-35.86";"93.74";"2d 21h 16m";""
"171";"NAS100_DukasM1_Infinox";"Buy";"2017.07.03 16:00:00";"5680.57";"1.78";"2017.07.03 18:00:00";"5623.86";"-100.94";"13480.57";"IS";"SL";"-100.94";"10.14";"2h 0m";""
"172";"NAS100_DukasM1_Infinox";"Buy";"2017.07.05 17:00:00";"5610.57";"1.68";"2017.07.06 12:59:00";"5605.98";"-9.94";"13470.63";"IS";"TrailingStop";"-33.94";"89.54";"19h 59m";""
"173";"NAS100_DukasM1_Infinox";"Buy";"2017.07.06 14:00:00";"5612.87";"1.73";"2017.07.11 18:24:00";"5675.99";"97.73";"13568.37";"IS";"TrailingStop";"-65.05";"173.17";"5d 4h 24m";""
"174";"NAS100_DukasM1_Infinox";"Buy";"2017.07.11 21:00:00";"5706.47";"1.99";"2017.07.13 16:30:00";"5776.98";"134.95";"13703.32";"IS";"TrailingStop";"-9.15";"199.99";"1d 19h 30m";""
"175";"NAS100_DukasM1_Infinox";"Buy";"2017.08.11 17:00:00";"5807.77";"1.7";"2017.08.15 16:46:00";"5894.03";"137.32";"13840.64";"IS";"TrailingStop";"-12.07";"199.07";"3d 23h 46m";""
"176";"NAS100_DukasM1_Infinox";"Buy";"2017.08.16 13:00:00";"5926.97";"2.5";"2017.08.16 21:01:00";"5900.93";"-65.10";"13775.54";"IS";"TrailingStop";"-69.75";"35.00";"8h 1m";""
"177";"NAS100_DukasM1_Infinox";"Buy";"2017.08.22 10:00:00";"5822.37";"1.69";"2017.08.23 16:30:00";"5839.28";"26.25";"13801.79";"IS";"TrailingStop";"-34.98";"94.64";"1d 6h 30m";""
"178";"NAS100_DukasM1_Infinox";"Buy";"2017.08.28 18:00:00";"5852.37";"2.1";"2017.08.29 10:00:00";"5803.99";"-104.50";"13697.29";"IS";"SL";"-101.60";"2.10";"16h 0m";""
"179";"NAS100_DukasM1_Infinox";"Buy";"2017.08.29 17:00:00";"5819.97";"1.98";"2017.08.30 15:53:00";"5859.01";"74.58";"13771.87";"IS";"TrailingStop";"-16.43";"149.29";"22h 53m";""
"180";"NAS100_DukasM1_Infinox";"Buy";"2017.08.30 18:00:00";"5903.97";"2.0";"2017.09.01 16:54:00";"5980.65";"147.78";"13919.65";"IS";"TrailingStop";"-14.80";"224.60";"1d 22h 54m";""
"181";"NAS100_DukasM1_Infinox";"Buy";"2017.09.26 21:00:00";"5899.27";"1.99";"2017.09.28 15:22:00";"5910.69";"17.18";"13936.83";"IS";"TrailingStop";"-44.18";"115.62";"1d 18h 22m";""
"182";"NAS100_DukasM1_Infinox";"Buy";"2017.09.29 14:00:00";"5943.77";"2.59";"2017.10.02 18:44:00";"5975.81";"72.08";"14008.91";"IS";"TrailingStop";"-41.44";"158.77";"3d 4h 44m";""
"183";"NAS100_DukasM1_Infinox";"Buy";"2017.10.03 17:00:00";"5996.97";"2.84";"2017.10.06 15:41:00";"6044.87";"123.97";"14132.88";"IS";"TrailingStop";"-65.04";"198.52";"2d 22h 41m";""
"184";"NAS100_DukasM1_Infinox";"Buy";"2017.10.27 10:00:00";"6098.27";"1.87";"2017.10.30 18:16:00";"6209.50";"199.92";"14332.81";"IS";"TrailingStop";"-8.98";"284.80";"3d 8h 16m";""
"185";"NAS100_DukasM1_Infinox";"Buy";"2017.12.04 10:00:00";"6371.47";"1.2";"2017.12.04 17:05:00";"6328.09";"-52.06";"14280.75";"IS";"TrailingStop";"-52.06";"10.68";"7h 5m";""
"186";"NAS100_DukasM1_Infinox";"Buy";"2017.12.07 18:00:00";"6327.29";"1.46";"2017.12.12 16:37:00";"6369.30";"50.43";"14331.18";"IS";"TrailingStop";"-45.33";"110.52";"4d 22h 37m";""
"187";"NAS100_DukasM1_Infinox";"Buy";"2018.02.09 17:00:00";"6400.57";"0.51";"2018.02.09 19:41:00";"6206.04";"-99.21";"14231.97";"IS";"SL";"-99.21";"8.41";"2h 41m";""
"188";"NAS100_DukasM1_Infinox";"Buy";"2018.02.12 09:05:00";"6443.47";"0.39";"2018.02.14 15:32:00";"6505.08";"22.84";"14254.81";"IS";"TrailingStop";"-7.69";"59.32";"2d 6h 27m";""
"189";"NAS100_DukasM1_Infinox";"Buy";"2018.02.14 18:00:00";"6604.27";"0.66";"2018.02.15 18:03:00";"6672.19";"43.80";"14298.61";"IS";"TrailingStop";"-7.85";"95.77";"1d 0h 3m";""
"190";"NAS100_DukasM1_Infinox";"Buy";"2018.02.15 20:00:00";"6757.67";"0.77";"2018.02.16 21:15:00";"6767.54";"6.37";"14304.98";"IS";"TrailingStop";"-5.24";"72.84";"1d 1h 15m";""
"191";"NAS100_DukasM1_Infinox";"Buy";"2018.03.07 17:00:00";"6875.86";"0.95";"2018.03.13 17:00:00";"7128.97";"231.20";"14536.18";"IS";"TrailingStop";"-26.03";"293.94";"6d 0h 0m";""
"192";"NAS100_DukasM1_Infinox";"Buy";"2018.03.26 22:00:00";"6695.07";"0.6";"2018.03.27 18:22:00";"6729.84";"19.91";"14556.09";"IS";"TrailingStop";"-2.71";"80.70";"20h 22m";""
"193";"NAS100_DukasM1_Infinox";"Buy";"2018.03.29 18:00:00";"6553.87";"0.54";"2018.04.02 16:48:00";"6504.41";"-30.05";"14526.04";"IS";"TrailingStop";"-26.71";"48.28";"3d 22h 48m";""
"194";"NAS100_DukasM1_Infinox";"Buy";"2018.04.04 09:05:00";"6421.66";"0.6";"2018.04.06 09:05:00";"6509.97";"51.17";"14577.21";"IS";"TrailingStop";"-76.68";"131.11";"2d 0h 0m";""
"195";"NAS100_DukasM1_Infinox";"Buy";"2018.04.06 17:00:00";"6575.46";"0.69";"2018.04.06 21:36:00";"6430.54";"-99.99";"14477.21";"IS";"SL";"-99.99";"3.31";"4h 36m";""
"196";"NAS100_DukasM1_Infinox";"Buy";"2018.04.09 17:00:00";"6530.46";"0.7";"2018.04.09 22:41:00";"6499.48";"-21.69";"14455.53";"IS";"TrailingStop";"-21.69";"54.05";"5h 41m";""
"197";"NAS100_DukasM1_Infinox";"Buy";"2018.04.10 10:00:00";"6606.97";"0.6";"2018.04.13 17:10:00";"6645.52";"20.32";"14475.85";"IS";"TrailingStop";"-45.42";"57.23";"3d 7h 10m";""
"198";"NAS100_DukasM1_Infinox";"Buy";"2018.04.16 20:00:00";"6690.76";"1.28";"2018.04.18 16:39:00";"6811.69";"150.75";"14626.60";"IS";"TrailingStop";"-34.95";"199.42";"1d 20h 39m";""
"199";"NAS100_DukasM1_Infinox";"Buy";"2018.05.07 21:00:00";"6835.17";"1.46";"2018.05.09 17:58:00";"6808.60";"-43.50";"14583.09";"IS";"TrailingStop";"-97.69";"16.50";"1d 20h 58m";""
"200";"NAS100_DukasM1_Infinox";"Buy";"2018.06.28 22:00:00";"7048.86";"1.01";"2018.06.29 22:59:00";"7042.78";"-7.82";"14575.27";"OOS1";"TrailingStop";"-24.65";"55.05";"1d 0h 59m";""
"201";"NAS100_DukasM1_Infinox";"Buy";"2018.07.02 22:00:00";"7061.17";"1.19";"2018.07.03 16:37:00";"7096.68";"40.27";"14615.54";"OOS1";"TrailingStop";"-4.52";"98.16";"18h 37m";""
"202";"NAS100_DukasM1_Infinox";"Buy";"2018.07.05 13:00:00";"7046.57";"1.89";"2018.07.05 17:53:00";"7031.66";"-28.18";"14587.36";"OOS1";"TrailingStop";"-28.18";"61.97";"4h 53m";""
"203";"NAS100_DukasM1_Infinox";"Buy";"2018.07.09 21:00:00";"7253.16";"1.92";"2018.07.10 16:32:00";"7277.66";"43.75";"14631.12";"OOS1";"TrailingStop";"-14.40";"114.07";"19h 32m";""
"204";"NAS100_DukasM1_Infinox";"Buy";"2018.08.01 23:00:00";"7275.27";"1.45";"2018.08.02 09:20:00";"7241.12";"-52.01";"14579.11";"OOS1";"TrailingStop";"-49.52";"12.61";"10h 20m";""
"205";"NAS100_DukasM1_Infinox";"Buy";"2018.08.02 18:00:00";"7287.17";"1.52";"2018.08.03 16:37:00";"7366.79";"118.41";"14697.52";"OOS1";"TrailingStop";"-15.98";"179.97";"22h 37m";""
"206";"NAS100_DukasM1_Infinox";"Buy";"2018.08.06 05:00:00";"7412.16";"1.97";"2018.08.08 15:43:00";"7446.76";"61.27";"14758.78";"OOS1";"TrailingStop";"-65.01";"130.04";"2d 10h 43m";""
"207";"NAS100_DukasM1_Infinox";"Buy";"2018.08.20 02:00:00";"7388.96";"1.58";"2018.08.20 16:42:00";"7373.36";"-24.65";"14734.13";"OOS1";"TrailingStop";"-24.65";"30.98";"14h 42m";""
"208";"NAS100_DukasM1_Infinox";"Buy";"2018.08.21 17:00:00";"7417.36";"2.37";"2018.08.21 21:49:00";"7408.39";"-21.26";"14712.88";"OOS1";"TrailingStop";"-44.32";"57.12";"4h 49m";""
"209";"NAS100_DukasM1_Infinox";"Buy";"2018.08.22 18:00:00";"7418.97";"1.86";"2018.08.23 18:18:00";"7423.29";"4.78";"14717.65";"OOS1";"TrailingStop";"-25.85";"88.16";"1d 0h 18m";""
"210";"NAS100_DukasM1_Infinox";"Buy";"2018.08.23 20:00:00";"7430.06";"1.83";"2018.08.28 18:41:00";"7558.01";"218.10";"14935.75";"OOS1";"TrailingStop";"-36.97";"289.32";"4d 22h 41m";""
"211";"NAS100_DukasM1_Infinox";"Buy";"2018.09.10 11:00:00";"7461.87";"1.61";"2018.09.10 16:36:00";"7440.27";"-34.78";"14900.97";"OOS1";"TrailingStop";"-34.78";"26.39";"5h 36m";""
"212";"NAS100_DukasM1_Infinox";"Buy";"2018.09.11 19:00:00";"7514.07";"1.51";"2018.09.12 15:42:00";"7500.73";"-22.82";"14878.15";"OOS1";"TrailingStop";"-46.22";"32.75";"20h 42m";""
"213";"NAS100_DukasM1_Infinox";"Buy";"2018.09.13 17:00:00";"7553.16";"1.68";"2018.09.14 16:31:00";"7559.24";"7.22";"14885.37";"OOS1";"TrailingStop";"-42.32";"68.73";"23h 31m";""
"214";"NAS100_DukasM1_Infinox";"Buy";"2018.09.20 03:00:00";"7504.87";"1.77";"2018.09.21 14:01:00";"7576.85";"124.27";"15009.64";"OOS1";"TrailingStop";"-40.36";"176.45";"1d 11h 1m";""
"215";"NAS100_DukasM1_Infinox";"Buy";"2018.09.24 17:00:00";"7499.57";"2.0";"2018.09.25 16:31:00";"7538.77";"74.86";"15084.50";"OOS1";"TrailingStop";"-24.62";"143.40";"23h 31m";""
"216";"NAS100_DukasM1_Infinox";"Buy";"2018.09.26 03:00:00";"7577.07";"2.21";"2018.09.26 16:12:00";"7571.15";"-13.08";"15071.41";"OOS1";"TrailingStop";"-13.08";"51.27";"13h 12m";""
"217";"NAS100_DukasM1_Infinox";"Buy";"2018.10.09 17:00:00";"7390.16";"1.16";"2018.10.09 20:03:00";"7350.90";"-45.54";"15025.87";"OOS1";"TrailingStop";"-45.54";"49.53";"3h 3m";""
"218";"NAS100_DukasM1_Infinox";"Buy";"2018.10.10 09:00:00";"7378.37";"1.25";"2018.10.10 15:25:00";"7332.67";"-57.13";"14968.75";"OOS1";"TrailingStop";"-57.13";"11.12";"6h 25m";""
"219";"NAS100_DukasM1_Infinox";"Buy";"2018.10.11 17:00:00";"7114.56";"0.61";"2018.10.11 21:41:00";"6951.08";"-99.72";"14869.02";"OOS1";"SL";"-99.72";"0.00";"4h 41m";""
"220";"NAS100_DukasM1_Infinox";"Buy";"2018.10.12 02:00:00";"7050.76";"0.47";"2018.10.12 19:42:00";"7033.59";"-8.07";"14860.95";"OOS1";"TrailingStop";"-8.07";"48.88";"17h 42m";""
"221";"NAS100_DukasM1_Infinox";"Buy";"2018.10.16 17:00:00";"7174.67";"1.0";"2018.10.17 15:38:00";"7288.26";"111.90";"14972.85";"OOS1";"TrailingStop";"-44.01";"174.80";"22h 38m";""
"222";"NAS100_DukasM1_Infinox";"Buy";"2018.10.19 17:00:00";"7204.27";"1.04";"2018.10.19 19:25:00";"7107.99";"-100.13";"14872.72";"OOS1";"SL";"-100.13";"26.30";"2h 25m";""
"223";"NAS100_DukasM1_Infinox";"Buy";"2018.10.22 18:00:00";"7181.46";"0.87";"2018.10.23 06:44:00";"7066.23";"-101.73";"14770.99";"OOS1";"SL";"-100.25";"9.32";"12h 44m";""
"224";"NAS100_DukasM1_Infinox";"Buy";"2018.10.23 22:00:00";"7134.06";"0.74";"2018.10.24 10:00:00";"7064.11";"-53.01";"14717.98";"OOS1";"TrailingStop";"-51.76";"19.17";"12h 0m";""
"225";"NAS100_DukasM1_Infinox";"Buy";"2018.10.24 15:00:00";"7132.86";"0.85";"2018.10.24 18:04:00";"7015.30";"-99.93";"14618.06";"OOS1";"SL";"-99.93";"0.77";"3h 4m";""
"226";"NAS100_DukasM1_Infinox";"Buy";"2018.10.25 18:00:00";"6959.46";"0.66";"2018.10.25 23:04:00";"6945.75";"-10.13";"14607.92";"OOS1";"TrailingStop";"-14.32";"69.50";"5h 4m";""
"227";"NAS100_DukasM1_Infinox";"Buy";"2018.10.26 20:00:00";"6932.56";"0.49";"2018.10.29 17:19:00";"6868.00";"-34.04";"14573.88";"OOS1";"TrailingStop";"-67.08";"23.08";"2d 21h 19m";""
"228";"NAS100_DukasM1_Infinox";"Buy";"2018.10.30 22:00:00";"6810.47";"0.52";"2018.11.02 01:05:00";"6990.61";"91.16";"14665.05";"OOS1";"TrailingStop";"-32.08";"135.82";"2d 3h 5m";""
"229";"NAS100_DukasM1_Infinox";"Buy";"2018.11.02 03:00:00";"7021.16";"0.82";"2018.11.02 15:10:00";"7028.61";"6.11";"14671.16";"OOS1";"TrailingStop";"-18.94";"92.74";"12h 10m";""
"230";"NAS100_DukasM1_Infinox";"Buy";"2018.11.06 17:00:00";"7014.86";"1.06";"2018.11.08 16:36:00";"7141.84";"131.09";"14802.24";"OOS1";"TrailingStop";"-95.28";"215.07";"1d 23h 36m";""
"231";"NAS100_DukasM1_Infinox";"Buy";"2018.11.15 21:00:00";"6872.26";"0.67";"2018.11.16 15:35:00";"6795.77";"-52.34";"14749.91";"OOS1";"TrailingStop";"-51.25";"24.32";"18h 35m";""
"232";"NAS100_DukasM1_Infinox";"Buy";"2018.11.16 16:00:00";"6833.47";"0.92";"2018.11.19 15:43:00";"6844.28";"5.49";"14755.40";"OOS1";"TrailingStop";"-34.51";"81.23";"2d 23h 43m";""
"233";"NAS100_DukasM1_Infinox";"Buy";"2018.11.21 19:00:00";"6615.06";"0.78";"2018.11.22 10:33:00";"6546.54";"-54.66";"14700.74";"OOS1";"TrailingStop";"-53.45";"11.32";"15h 33m";""
"234";"NAS100_DukasM1_Infinox";"Buy";"2018.11.23 17:00:00";"6580.27";"1.14";"2018.11.26 19:34:00";"6601.06";"18.39";"14719.12";"OOS1";"TrailingStop";"-74.11";"88.12";"3d 2h 34m";""
"235";"NAS100_DukasM1_Infinox";"Buy";"2018.11.26 22:00:00";"6669.47";"1.1";"2018.11.27 02:47:00";"6620.15";"-55.98";"14663.14";"OOS1";"TrailingStop";"-54.25";"21.78";"4h 47m";""
"236";"NAS100_DukasM1_Infinox";"Buy";"2018.11.27 07:00:00";"6660.17";"1.2";"2018.11.29 17:49:00";"6848.61";"222.35";"14885.49";"OOS1";"TrailingStop";"-64.09";"307.32";"2d 10h 49m";""
"237";"NAS100_DukasM1_Infinox";"Buy";"2018.11.29 22:00:00";"6937.87";"1.11";"2018.12.03 16:32:00";"7074.86";"144.79";"15030.28";"OOS1";"TrailingStop";"-80.60";"215.88";"3d 18h 32m";""
"238";"NAS100_DukasM1_Infinox";"Buy";"2018.12.12 16:00:00";"6814.07";"0.88";"2018.12.12 21:31:00";"6788.10";"-22.85";"15007.42";"OOS1";"TrailingStop";"-33.98";"47.25";"5h 31m";""
"239";"NAS100_DukasM1_Infinox";"Buy";"2018.12.13 10:00:00";"6822.36";"1.04";"2018.12.13 19:25:00";"6726.11";"-100.10";"14907.32";"OOS1";"SL";"-100.10";"12.70";"9h 25m";""
"240";"NAS100_DukasM1_Infinox";"Buy";"2018.12.18 20:00:00";"6547.16";"0.95";"2018.12.18 22:00:00";"6442.06";"-99.85";"14807.48";"OOS1";"SL";"-99.85";"1.05";"2h 0m";""
"241";"NAS100_DukasM1_Infinox";"Buy";"2018.12.19 17:00:00";"6552.47";"1.01";"2018.12.19 21:00:00";"6498.67";"-54.34";"14753.14";"OOS1";"TrailingStop";"-54.34";"26.97";"4h 0m";""
"242";"NAS100_DukasM1_Infinox";"Buy";"2018.12.26 17:00:00";"5974.57";"0.65";"2018.12.27 11:27:00";"6145.81";"110.39";"14863.53";"OOS1";"TrailingStop";"-36.79";"205.73";"18h 27m";""
"243";"NAS100_DukasM1_Infinox";"Buy";"2018.12.27 23:00:00";"6290.46";"0.51";"2018.12.28 17:35:00";"6245.63";"-23.62";"14839.91";"OOS1";"TrailingStop";"-22.86";"37.24";"18h 35m";""
"244";"NAS100_DukasM1_Infinox";"Buy";"2018.12.28 22:00:00";"6385.47";"0.62";"2019.01.02 10:03:00";"6225.78";"-103.68";"14736.23";"OOS1";"SL";"-99.01";"2.04";"4d 12h 3m";""
"245";"NAS100_DukasM1_Infinox";"Buy";"2019.01.02 18:00:00";"6317.77";"0.75";"2019.01.03 01:05:00";"6308.78";"-7.86";"14728.37";"OOS1";"TrailingStop";"-84.53";"59.84";"7h 5m";""
"246";"NAS100_DukasM1_Infinox";"Buy";"2019.01.04 13:00:00";"6265.66";"0.85";"2019.01.08 17:34:00";"6490.09";"185.74";"14914.10";"OOS1";"TrailingStop";"-42.50";"260.79";"4d 4h 34m";""
"247";"NAS100_DukasM1_Infinox";"Buy";"2019.01.08 23:00:00";"6552.27";"0.96";"2019.01.10 03:09:00";"6560.26";"4.70";"14918.80";"OOS1";"TrailingStop";"-17.96";"76.32";"1d 4h 9m";""
"248";"NAS100_DukasM1_Infinox";"Buy";"2019.03.13 08:00:00";"7203.57";"1.97";"2019.03.14 03:00:00";"7249.35";"86.84";"15005.64";"OOS1";"TrailingStop";"-29.16";"175.92";"19h 0m";""
"249";"NAS100_DukasM1_Infinox";"Buy";"2019.05.10 04:00:00";"7615.57";"0.87";"2019.05.10 06:08:00";"7556.75";"-51.17";"14954.46";"OOS1";"TrailingStop";"-51.17";"16.61";"2h 8m";""
"250";"NAS100_DukasM1_Infinox";"Buy";"2019.05.14 18:00:00";"7395.16";"0.97";"2019.05.15 13:24:00";"7386.41";"-10.18";"14944.28";"OOS1";"TrailingStop";"-16.10";"52.19";"19h 24m";""
"251";"NAS100_DukasM1_Infinox";"Buy";"2019.05.15 18:00:00";"7468.26";"1.0";"2019.05.17 06:31:00";"7557.88";"86.09";"15030.38";"OOS1";"TrailingStop";"-15.60";"159.01";"1d 12h 31m";""
"252";"NAS100_DukasM1_Infinox";"Buy";"2019.05.17 13:00:00";"7553.57";"1.25";"2019.05.17 22:02:00";"7531.20";"-27.96";"15002.41";"OOS1";"TrailingStop";"-75.39";"66.61";"9h 2m";""
"253";"NAS100_DukasM1_Infinox";"Buy";"2019.05.21 18:00:00";"7462.06";"1.14";"2019.05.22 14:40:00";"7409.47";"-61.96";"14940.45";"OOS1";"TrailingStop";"-59.95";"12.65";"20h 40m";""
"254";"NAS100_DukasM1_Infinox";"Buy";"2019.05.24 17:00:00";"7357.36";"1.48";"2019.05.27 03:02:00";"7289.34";"-108.38";"14832.07";"OOS1";"SL";"-100.67";"9.19";"2d 10h 2m";""
"255";"NAS100_DukasM1_Infinox";"Buy";"2019.05.28 05:00:00";"7335.27";"2.02";"2019.05.28 10:18:00";"7309.94";"-51.17";"14780.90";"OOS1";"TrailingStop";"-51.17";"18.58";"5h 18m";""
"256";"NAS100_DukasM1_Infinox";"Buy";"2019.05.30 17:00:00";"7255.53";"1.49";"2019.05.31 02:48:00";"7188.02";"-103.14";"14677.76";"OOS1";"SL";"-100.59";"12.71";"9h 48m";""
"257";"NAS100_DukasM1_Infinox";"Buy";"2019.06.04 18:00:00";"7087.06";"1.09";"2019.06.05 16:53:00";"7184.77";"104.68";"14782.44";"OOS1";"TrailingStop";"-7.74";"165.04";"22h 53m";""
"258";"NAS100_DukasM1_Infinox";"Buy";"2019.06.06 11:00:00";"7245.66";"1.24";"2019.06.06 17:29:00";"7202.07";"-54.05";"14728.39";"OOS1";"TrailingStop";"-54.05";"13.52";"6h 29m";""
"259";"NAS100_DukasM1_Infinox";"Buy";"2019.06.07 03:00:00";"7271.06";"1.25";"2019.06.10 21:01:00";"7517.87";"302.07";"15030.46";"OOS1";"TrailingStop";"-16.00";"378.38";"3d 18h 1m";""
"260";"NAS100_DukasM1_Infinox";"Buy";"2019.07.24 06:00:00";"7953.06";"1.75";"2019.07.25 16:04:00";"7981.50";"46.48";"15076.95";"OOS1";"TrailingStop";"-78.23";"143.34";"1d 10h 4m";""
"261";"NAS100_DukasM1_Infinox";"Buy";"2019.08.06 17:00:00";"7509.87";"0.64";"2019.08.07 15:08:00";"7473.34";"-24.51";"15052.43";"OOS1";"TrailingStop";"-50.56";"32.45";"22h 8m";""
"262";"NAS100_DukasM1_Infinox";"Buy";"2019.08.08 05:00:00";"7590.76";"0.67";"2019.08.09 01:31:00";"7650.35";"38.72";"15091.16";"OOS1";"TrailingStop";"-26.59";"94.14";"20h 31m";""
"263";"NAS100_DukasM1_Infinox";"Buy";"2019.08.13 17:00:00";"7756.67";"0.77";"2019.08.14 14:43:00";"7626.00";"-102.03";"14989.13";"OOS1";"SL";"-100.62";"18.71";"21h 43m";""
"264";"NAS100_DukasM1_Infinox";"Buy";"2019.08.16 12:00:00";"7583.36";"0.84";"2019.08.20 16:33:00";"7688.51";"82.31";"15071.44";"OOS1";"TrailingStop";"-39.56";"132.48";"4d 4h 33m";""
"265";"NAS100_DukasM1_Infinox";"Buy";"2019.08.21 17:00:00";"7749.76";"1.62";"2019.08.22 08:28:00";"7719.21";"-52.45";"15018.99";"OOS1";"TrailingStop";"-72.72";"34.83";"15h 28m";""
"266";"NAS100_DukasM1_Infinox";"Buy";"2019.08.28 22:00:00";"7591.87";"1.04";"2019.08.29 17:37:00";"7652.01";"60.68";"15079.67";"OOS1";"TrailingStop";"-54.09";"130.94";"19h 37m";""
"267";"NAS100_DukasM1_Infinox";"Buy";"2019.08.29 19:00:00";"7705.77";"1.07";"2019.08.30 17:14:00";"7712.36";"5.10";"15084.77";"OOS1";"TrailingStop";"-23.65";"60.88";"22h 14m";""
"268";"NAS100_DukasM1_Infinox";"Buy";"2019.09.05 04:00:00";"7740.27";"1.41";"2019.09.05 10:30:00";"7765.26";"35.24";"15120.01";"OOS1";"TrailingStop";"-18.05";"130.00";"6h 30m";""
"269";"NAS100_DukasM1_Infinox";"Buy";"2019.09.30 20:00:00";"7759.56";"1.23";"2019.10.01 17:05:00";"7773.00";"14.28";"15134.29";"OOS1";"TrailingStop";"-31.00";"77.12";"21h 5m";""
"270";"NAS100_DukasM1_Infinox";"Buy";"2019.10.03 20:00:00";"7621.07";"0.97";"2019.10.07 21:50:00";"7729.70";"98.39";"15232.67";"OOS1";"TrailingStop";"-11.75";"159.65";"4d 1h 50m";""
"271";"NAS100_DukasM1_Infinox";"Buy";"2019.10.08 04:00:00";"7747.86";"1.3";"2019.10.08 10:58:00";"7718.71";"-37.89";"15194.78";"OOS1";"TrailingStop";"-37.89";"29.52";"6h 58m";""
"272";"NAS100_DukasM1_Infinox";"Buy";"2019.10.09 22:00:00";"7712.07";"1.07";"2019.10.10 01:20:00";"7618.62";"-101.94";"15092.84";"OOS1";"SL";"-99.99";"7.70";"3h 20m";""
"273";"NAS100_DukasM1_Infinox";"Buy";"2019.10.10 17:00:00";"7746.57";"0.89";"2019.10.11 23:00:00";"7835.54";"77.56";"15170.40";"OOS1";"TrailingStop";"-44.86";"141.06";"1d 6h 0m";""
"274";"NAS100_DukasM1_Infinox";"Buy";"2019.10.14 02:00:00";"7870.87";"1.02";"2019.10.14 12:21:00";"7818.14";"-53.78";"15116.61";"OOS1";"TrailingStop";"-53.78";"9.48";"10h 21m";""
"1";"NAS100_DukasM1_Infinox";"Buy";"2019.12.05 10:00:00";"8316.37";"1.67";"2019.12.05 17:00:00";"8293.67";"-37.91";"15078.70";"OOS1";"TrailingStop";"-37.91";"30.06";"7h 0m";""
"2";"NAS100_DukasM1_Infinox";"Buy";"2019.12.06 12:00:00";"8337.56";"2.04";"2019.12.09 18:44:00";"8390.15";"95.24";"15173.94";"OOS1";"TrailingStop";"-41.41";"175.87";"3d 6h 44m";""
"3";"NAS100_DukasM1_Infinox";"Buy";"2019.12.10 18:00:00";"8387.96";"1.55";"2019.12.12 14:59:00";"8396.10";"6.48";"15180.42";"OOS1";"TrailingStop";"-75.95";"56.28";"1d 20h 59m";""
"4";"NAS100_DukasM1_Infinox";"Buy";"2020.01.30 17:00:00";"9078.16";"0.97";"2020.01.31 11:35:00";"9164.47";"81.64";"15262.06";"OOS1";"TrailingStop";"-59.36";"157.15";"18h 35m";""
"5";"NAS100_DukasM1_Infinox";"Buy";"2020.02.26 17:00:00";"8951.17";"0.39";"2020.02.26 20:36:00";"8856.47";"-36.93";"15225.13";"OOS1";"TrailingStop";"-36.93";"31.33";"3h 36m";""
"6";"NAS100_DukasM1_Infinox";"Buy";"2020.02.28 20:00:00";"8414.64";"0.25";"2020.03.02 13:56:00";"8387.45";"-8.29";"15216.84";"OOS1";"TrailingStop";"-50.94";"64.01";"2d 17h 56m";""
"7";"NAS100_DukasM1_Infinox";"Buy";"2020.03.02 15:00:00";"8446.22";"0.25";"2020.03.03 18:25:00";"8724.90";"69.17";"15286.01";"OOS1";"TrailingStop";"-11.81";"138.95";"1d 3h 25m";""
"8";"NAS100_DukasM1_Infinox";"Buy";"2020.03.04 20:00:00";"8819.47";"0.35";"2020.03.05 10:32:00";"8784.82";"-12.86";"15273.15";"OOS1";"TrailingStop";"-12.13";"45.48";"14h 32m";""
"9";"NAS100_DukasM1_Infinox";"Buy";"2020.03.09 18:00:00";"8198.10";"0.33";"2020.03.09 22:00:00";"7900.08";"-98.35";"15174.81";"OOS1";"SL";"-98.35";"15.15";"4h 0m";""
"10";"NAS100_DukasM1_Infinox";"Buy";"2020.03.10 02:00:00";"8115.62";"0.28";"2020.03.10 15:40:00";"8158.55";"12.02";"15186.83";"OOS1";"TrailingStop";"-21.76";"65.39";"13h 40m";""
"11";"NAS100_DukasM1_Infinox";"Buy";"2020.03.13 22:00:00";"7949.34";"0.15";"2020.03.16 15:46:00";"7096.11";"-128.83";"15058.00";"OOS1";"SL";"-127.98";"4.52";"2d 17h 46m";""
"12";"NAS100_DukasM1_Infinox";"Buy";"2020.03.16 17:00:00";"7404.11";"0.14";"2020.03.16 21:55:00";"7117.63";"-40.11";"15017.89";"OOS1";"TrailingStop";"-40.11";"22.72";"4h 55m";""
"13";"NAS100_DukasM1_Infinox";"Buy";"2020.03.17 18:00:00";"7424.06";"0.14";"2020.03.18 15:30:00";"7049.26";"-52.72";"14965.17";"OOS1";"TrailingStop";"-52.47";"18.60";"21h 30m";""
"14";"NAS100_DukasM1_Infinox";"Buy";"2020.03.19 11:00:00";"7307.80";"0.16";"2020.03.20 15:40:00";"7378.18";"10.98";"14976.16";"OOS1";"TrailingStop";"-44.44";"53.99";"1d 4h 40m";""
"15";"NAS100_DukasM1_Infinox";"Buy";"2020.03.24 13:07:00";"7326.16";"0.22";"2020.03.25 12:54:00";"7480.43";"33.56";"15009.72";"OOS1";"TrailingStop";"-18.78";"97.06";"23h 47m";""
"16";"NAS100_DukasM1_Infinox";"Buy";"2020.03.26 17:00:00";"7692.78";"0.26";"2020.03.27 11:32:00";"7690.15";"-1.16";"15008.56";"OOS1";"TrailingStop";"-9.14";"56.06";"18h 32m";""
"17";"NAS100_DukasM1_Infinox";"Buy";"2020.05.06 02:00:00";"8976.36";"0.66";"2020.05.06 23:00:00";"8970.77";"-3.69";"15004.87";"OOS1";"TrailingStop";"-58.40";"60.09";"21h 0m";""
"18";"NAS100_DukasM1_Infinox";"Buy";"2020.06.17 11:00:00";"10025.05";"0.51";"2020.06.18 03:05:00";"9941.80";"-43.66";"14961.21";"OOS1";"TrailingStop";"-42.46";"17.31";"16h 5m";""
"19";"NAS100_DukasM1_Infinox";"Buy";"2020.07.01 18:00:00";"10233.79";"0.71";"2020.07.02 18:03:00";"10361.99";"89.31";"15050.51";"OOS1";"TrailingStop";"-12.87";"142.09";"1d 0h 3m";""
"20";"NAS100_DukasM1_Infinox";"Buy";"2020.07.29 18:00:00";"10651.80";"0.76";"2020.07.30 10:06:00";"10616.00";"-29.12";"15021.39";"OOS1";"TrailingStop";"-42.53";"45.42";"16h 6m";""
"21";"NAS100_DukasM1_Infinox";"Buy";"2020.07.30 20:00:00";"10700.60";"0.57";"2020.07.31 16:33:00";"10838.96";"77.43";"15098.82";"OOS1";"TrailingStop";"-8.53";"141.53";"20h 33m";""
"22";"NAS100_DukasM1_Infinox";"Buy";"2020.08.14 03:00:00";"11212.92";"0.71";"2020.08.14 11:23:00";"11151.25";"-43.79";"15055.03";"OOS1";"TrailingStop";"-43.79";"20.97";"8h 23m";""
"23";"NAS100_DukasM1_Infinox";"Buy";"2020.09.08 02:00:00";"11578.05";"0.33";"2020.09.08 12:54:00";"11282.97";"-97.38";"14957.66";"OOS1";"SL";"-97.38";"1.44";"10h 54m";""
"24";"NAS100_DukasM1_Infinox";"Buy";"2020.09.09 18:00:00";"11373.93";"0.33";"2020.09.10 10:52:00";"11298.94";"-25.63";"14932.02";"OOS1";"TrailingStop";"-24.75";"35.69";"16h 52m";""
"25";"NAS100_DukasM1_Infinox";"Buy";"2020.09.14 17:00:00";"11302.61";"0.43";"2020.09.14 20:22:00";"11212.79";"-38.62";"14893.40";"OOS1";"TrailingStop";"-38.62";"26.66";"3h 22m";""
"26";"NAS100_DukasM1_Infinox";"Buy";"2020.09.15 05:00:00";"11289.44";"0.45";"2020.09.15 17:44:00";"11384.12";"42.61";"14936.01";"OOS1";"TrailingStop";"-2.15";"88.03";"12h 44m";""
"27";"NAS100_DukasM1_Infinox";"Buy";"2020.09.21 23:00:00";"10984.59";"0.34";"2020.09.23 16:36:00";"11125.51";"46.15";"14982.16";"OOS1";"TrailingStop";"-23.67";"85.92";"1d 17h 36m";""
"28";"NAS100_DukasM1_Infinox";"Buy";"2020.09.24 17:00:00";"10856.10";"0.39";"2020.09.25 13:55:00";"10835.20";"-9.15";"14973.01";"OOS1";"TrailingStop";"-23.86";"68.02";"20h 55m";""
"29";"NAS100_DukasM1_Infinox";"Buy";"2020.09.25 15:00:00";"10907.60";"0.44";"2020.09.28 17:07:00";"11262.37";"152.70";"15125.71";"OOS1";"TrailingStop";"-26.45";"207.58";"3d 2h 7m";""
"30";"NAS100_DukasM1_Infinox";"Buy";"2020.09.29 13:00:00";"11382.62";"0.64";"2020.09.30 06:27:00";"11299.20";"-55.11";"15070.60";"OOS1";"TrailingStop";"-53.39";"34.71";"17h 27m";""
"31";"NAS100_DukasM1_Infinox";"Buy";"2020.10.09 03:00:00";"11594.41";"0.77";"2020.10.13 03:35:00";"12058.71";"349.08";"15419.67";"OOS1";"TrailingStop";"-22.28";"470.76";"4d 0h 35m";""
"32";"NAS100_DukasM1_Infinox";"Buy";"2020.10.27 18:00:00";"11615.08";"0.63";"2020.10.28 10:20:00";"11457.85";"-100.78";"15318.89";"OOS1";"SL";"-99.05";"12.48";"16h 20m";""
"33";"NAS100_DukasM1_Infinox";"Buy";"2020.10.29 19:00:00";"11331.73";"0.52";"2020.10.30 01:05:00";"11307.63";"-13.92";"15304.97";"OOS1";"TrailingStop";"-74.87";"71.26";"6h 5m";""
"34";"NAS100_DukasM1_Infinox";"Buy";"2020.11.03 17:00:00";"11213.84";"0.53";"2020.11.03 20:58:00";"11232.01";"9.63";"15314.60";"OOS1";"TrailingStop";"-2.18";"77.58";"3h 58m";""
"35";"NAS100_DukasM1_Infinox";"Buy";"2020.11.04 18:00:00";"11794.63";"0.26";"2020.11.06 05:59:00";"11957.21";"40.82";"15355.42";"OOS1";"TrailingStop";"-18.75";"85.71";"1d 11h 59m";""
"36";"NAS100_DukasM1_Infinox";"Buy";"2020.11.06 19:00:00";"12055.37";"0.36";"2020.11.09 14:00:00";"12255.71";"69.05";"15424.47";"OOS1";"TrailingStop";"-8.80";"128.13";"2d 19h 0m";""
"37";"NAS100_DukasM1_Infinox";"Buy";"2020.12.14 02:00:00";"12419.57";"0.64";"2020.12.14 22:45:00";"12461.62";"26.91";"15451.38";"OOS1";"TrailingStop";"-21.47";"80.34";"20h 45m";""
"38";"NAS100_DukasM1_Infinox";"Buy";"2021.01.07 02:00:00";"12684.32";"0.41";"2021.01.08 20:37:00";"12960.86";"112.15";"15563.54";"OOS1";"TrailingStop";"-7.48";"160.17";"1d 18h 37m";""
"39";"NAS100_DukasM1_Infinox";"Buy";"2021.01.21 22:00:00";"13414.90";"0.8";"2021.01.25 17:48:00";"13489.45";"49.50";"15613.04";"OOS1";"TrailingStop";"-86.07";"118.81";"3d 19h 48m";""
"40";"NAS100_DukasM1_Infinox";"Buy";"2021.02.01 19:00:00";"13187.69";"0.34";"2021.02.03 16:32:00";"13493.63";"101.90";"15714.94";"OOS1";"TrailingStop";"-0.61";"137.06";"1d 21h 32m";""
"41";"NAS100_DukasM1_Infinox";"Buy";"2021.02.24 23:00:00";"13303.51";"0.32";"2021.02.25 11:07:00";"13222.01";"-27.09";"15687.86";"OOS1";"TrailingStop";"-26.08";"17.88";"12h 7m";""
"42";"NAS100_DukasM1_Infinox";"Buy";"2021.02.26 19:00:00";"13021.81";"0.26";"2021.03.02 09:59:00";"13193.88";"41.54";"15729.40";"OOS1";"TrailingStop";"-42.16";"80.26";"3d 14h 59m";""
"43";"NAS100_DukasM1_Infinox";"Buy";"2021.03.04 18:00:00";"12731.54";"0.34";"2021.03.04 19:27:00";"12581.49";"-51.02";"15678.38";"OOS1";"TrailingStop";"-51.02";"24.08";"1h 27m";""
"44";"NAS100_DukasM1_Infinox";"Buy";"2021.03.05 21:00:00";"12592.77";"0.25";"2021.03.08 09:25:00";"12458.85";"-35.71";"15642.67";"OOS1";"TrailingStop";"-33.48";"42.51";"2d 12h 25m";""
"45";"NAS100_DukasM1_Infinox";"Buy";"2021.03.08 16:00:00";"12612.57";"0.31";"2021.03.08 20:53:00";"12442.54";"-52.71";"15589.96";"OOS1";"TrailingStop";"-52.71";"33.06";"4h 53m";""
"46";"NAS100_DukasM1_Infinox";"Buy";"2021.03.09 17:00:00";"12710.72";"0.34";"2021.03.10 17:39:00";"12775.18";"20.90";"15610.86";"OOS1";"TrailingStop";"-7.31";"96.01";"1d 0h 39m";""
"47";"NAS100_DukasM1_Infinox";"Buy";"2021.03.11 10:00:00";"12932.90";"0.43";"2021.03.12 08:50:00";"12969.81";"14.56";"15625.41";"OOS1";"TrailingStop";"-15.59";"80.62";"22h 50m";""
"48";"NAS100_DukasM1_Infinox";"Buy";"2021.03.15 21:00:00";"13032.55";"0.51";"2021.03.16 18:26:00";"13193.91";"80.72";"15706.14";"OOS1";"TrailingStop";"-15.59";"135.16";"21h 26m";""
"49";"NAS100_DukasM1_Infinox";"Buy";"2021.03.23 09:00:00";"13042.33";"0.67";"2021.03.23 21:01:00";"13046.19";"2.59";"15708.73";"OOS1";"TrailingStop";"-15.52";"94.46";"12h 1m";""
"50";"NAS100_DukasM1_Infinox";"Buy";"2021.03.24 11:00:00";"13142.59";"0.64";"2021.03.24 15:49:00";"12986.57";"-99.85";"15608.87";"OOS1";"SL";"-99.85";"8.27";"4h 49m";""
"51";"NAS100_DukasM1_Infinox";"Buy";"2021.03.29 10:00:00";"12897.09";"0.49";"2021.03.29 17:00:00";"12856.76";"-19.76";"15589.11";"OOS1";"TrailingStop";"-19.76";"46.36";"7h 0m";""
"52";"NAS100_DukasM1_Infinox";"Buy";"2021.04.23 17:00:00";"13841.02";"0.82";"2021.04.26 11:33:00";"13899.19";"39.66";"15628.77";"OOS1";"TrailingStop";"-7.84";"122.13";"2d 18h 33m";""
"53";"NAS100_DukasM1_Infinox";"Buy";"2021.05.06 23:00:00";"13610.33";"0.5";"2021.05.07 16:31:00";"13684.12";"35.29";"15664.06";"OOS1";"TrailingStop";"-7.12";"106.07";"17h 31m";""
"54";"NAS100_DukasM1_Infinox";"Buy";"2021.05.11 19:00:00";"13317.10";"0.4";"2021.05.12 07:09:00";"13212.95";"-42.92";"15621.14";"OOS1";"TrailingStop";"-41.66";"26.78";"12h 9m";""
"55";"NAS100_DukasM1_Infinox";"Buy";"2021.05.12 10:00:00";"13293.02";"0.45";"2021.05.12 15:30:00";"13197.56";"-42.96";"15578.19";"OOS1";"TrailingStop";"-42.96";"23.22";"5h 30m";""
"56";"NAS100_DukasM1_Infinox";"Buy";"2021.05.13 17:00:00";"13168.99";"0.44";"2021.05.13 18:43:00";"13076.70";"-40.61";"15537.58";"OOS1";"TrailingStop";"-40.61";"26.23";"1h 43m";""
"57";"NAS100_DukasM1_Infinox";"Buy";"2021.05.14 04:00:00";"13156.32";"0.42";"2021.05.17 14:46:00";"13316.71";"63.45";"15601.03";"OOS1";"TrailingStop";"-3.13";"124.10";"3d 10h 46m";""
"58";"NAS100_DukasM1_Infinox";"Buy";"2021.05.18 10:00:00";"13424.27";"0.69";"2021.05.18 21:35:00";"13279.14";"-100.14";"15500.89";"OOS1";"SL";"-100.14";"8.56";"11h 35m";""
"59";"NAS100_DukasM1_Infinox";"Buy";"2021.05.19 23:00:00";"13238.47";"0.45";"2021.05.21 17:37:00";"13466.25";"99.69";"15600.58";"OOS1";"TrailingStop";"-37.27";"150.27";"1d 18h 37m";""
"60";"NAS100_DukasM1_Infinox";"Buy";"2021.05.24 17:00:00";"13585.16";"0.72";"2021.05.25 16:51:00";"13663.96";"54.43";"15655.00";"OOS1";"TrailingStop";"-1.31";"110.47";"23h 51m";""
"1";"NAS100_DukasM1_Infinox";"Buy";"2021.07.21 18:00:00";"14777.40";"0.74";"2021.07.22 19:21:00";"14861.88";"59.93";"15714.94";"OOS1";"TrailingStop";"-23.18";"116.48";"1d 1h 21m";""
"2";"NAS100_DukasM1_Infinox";"Buy";"2021.07.23 18:00:00";"15027.99";"1.07";"2021.07.26 11:02:00";"15077.08";"41.14";"15756.07";"OOS1";"TrailingStop";"-7.57";"113.85";"2d 17h 2m";""
"3";"NAS100_DukasM1_Infinox";"Buy";"2021.07.30 17:00:00";"14960.94";"0.7";"2021.08.02 16:36:00";"14992.03";"14.34";"15770.42";"OOS1";"TrailingStop";"-28.30";"72.98";"2d 23h 36m";""
"4";"NAS100_DukasM1_Infinox";"Buy";"2021.08.16 11:00:00";"15116.03";"1.48";"2021.08.16 16:54:00";"15047.98";"-100.71";"15669.70";"OOS1";"SL";"-100.71";"6.89";"5h 54m";""
"5";"NAS100_DukasM1_Infinox";"Buy";"2021.09.15 20:00:00";"15446.44";"0.74";"2021.09.16 15:23:00";"15444.11";"-4.42";"15665.28";"OOS1";"TrailingStop";"-4.82";"57.65";"19h 23m";""
"6";"NAS100_DukasM1_Infinox";"Buy";"2021.09.16 23:00:00";"15520.42";"0.83";"2021.09.17 12:54:00";"15478.10";"-38.17";"15627.11";"OOS1";"TrailingStop";"-39.92";"12.62";"13h 54m";""
"7";"NAS100_DukasM1_Infinox";"Buy";"2021.09.17 16:00:00";"15510.09";"1.06";"2021.09.17 16:49:00";"15415.41";"-100.36";"15526.75";"OOS1";"SL";"-100.36";"3.40";"49m 0s";""
"8";"NAS100_DukasM1_Infinox";"Buy";"2021.09.22 18:00:00";"15139.62";"0.57";"2021.09.23 16:02:00";"15204.65";"35.03";"15561.78";"OOS1";"TrailingStop";"-22.79";"99.28";"22h 2m";""
"9";"NAS100_DukasM1_Infinox";"Buy";"2021.09.23 18:00:00";"15337.88";"0.6";"2021.09.24 09:55:00";"15261.81";"-47.82";"15513.97";"OOS1";"TrailingStop";"-45.64";"11.18";"15h 55m";""
"10";"NAS100_DukasM1_Infinox";"Buy";"2021.09.24 23:00:00";"15332.40";"0.69";"2021.09.27 11:21:00";"15339.98";"-2.26";"15511.70";"OOS1";"TrailingStop";"-12.24";"55.18";"2d 12h 21m";""
"11";"NAS100_DukasM1_Infinox";"Buy";"2021.10.01 22:00:00";"14794.51";"0.43";"2021.10.04 07:08:00";"14704.47";"-43.22";"15468.48";"OOS1";"TrailingStop";"-38.72";"21.45";"2d 9h 8m";""
"12";"NAS100_DukasM1_Infinox";"Buy";"2021.10.05 17:00:00";"14594.67";"0.49";"2021.10.06 04:01:00";"14637.70";"19.40";"15487.88";"OOS1";"TrailingStop";"-3.15";"84.10";"11h 1m";""
"13";"NAS100_DukasM1_Infinox";"Buy";"2021.10.06 18:00:00";"14672.08";"0.45";"2021.10.07 22:45:00";"14906.41";"103.89";"15591.77";"OOS1";"TrailingStop";"-41.92";"152.30";"1d 4h 45m";""
"14";"NAS100_DukasM1_Infinox";"Buy";"2021.10.08 16:00:00";"14977.76";"0.64";"2021.10.08 18:51:00";"14821.23";"-100.18";"15491.59";"OOS1";"SL";"-100.18";"2.37";"2h 51m";""
"15";"NAS100_DukasM1_Infinox";"Buy";"2021.10.11 17:00:00";"14872.92";"0.55";"2021.10.11 20:48:00";"14774.64";"-54.05";"15437.53";"OOS1";"TrailingStop";"-54.05";"19.62";"3h 48m";""
"16";"NAS100_DukasM1_Infinox";"Buy";"2021.10.13 21:00:00";"14762.92";"0.55";"2021.10.15 10:42:00";"15048.78";"153.39";"15590.92";"OOS1";"TrailingStop";"-15.85";"196.84";"1d 13h 42m";""
"17";"NAS100_DukasM1_Infinox";"Buy";"2021.10.15 18:00:00";"15125.51";"0.83";"2021.10.18 09:11:00";"15079.16";"-47.36";"15543.56";"OOS1";"TrailingStop";"-44.25";"40.67";"2d 15h 11m";""
"18";"NAS100_DukasM1_Infinox";"Buy";"2021.11.16 17:00:00";"16231.48";"0.81";"2021.11.17 19:22:00";"16331.00";"77.51";"15621.07";"OOS1";"TrailingStop";"-25.22";"136.74";"1d 2h 22m";""
"19";"NAS100_DukasM1_Infinox";"Buy";"2021.12.03 10:00:00";"15997.53";"0.37";"2021.12.03 16:51:00";"15903.28";"-34.87";"15586.19";"OOS1";"TrailingStop";"-34.87";"45.02";"6h 51m";""
"20";"NAS100_DukasM1_Infinox";"Buy";"2021.12.06 20:00:00";"15830.42";"0.31";"2021.12.08 16:30:00";"16308.32";"145.83";"15732.02";"OOS1";"TrailingStop";"-6.27";"187.36";"1d 20h 30m";""
"21";"NAS100_DukasM1_Infinox";"Buy";"2021.12.17 18:00:00";"15903.40";"0.32";"2021.12.20 01:55:00";"15721.91";"-61.68";"15670.34";"OOS1";"TrailingStop";"-58.08";"18.37";"2d 7h 55m";""
"22";"NAS100_DukasM1_Infinox";"Buy";"2021.12.21 20:00:00";"15874.10";"0.4";"2021.12.28 16:09:00";"16592.76";"276.97";"15947.31";"OOS1";"TrailingStop";"-8.52";"314.68";"6d 20h 9m";""
"23";"NAS100_DukasM1_Infinox";"Buy";"2022.01.07 13:00:00";"15801.01";"0.43";"2022.01.07 17:49:00";"15568.77";"-99.86";"15847.45";"OOS1";"SL";"-99.86";"14.31";"4h 49m";""
"24";"NAS100_DukasM1_Infinox";"Buy";"2022.01.11 12:00:00";"15722.60";"0.38";"2022.01.11 16:07:00";"15582.03";"-53.42";"15794.03";"OOS1";"TrailingStop";"-53.42";"8.16";"4h 7m";""
"25";"NAS100_DukasM1_Infinox";"Buy";"2022.01.14 17:00:00";"15592.96";"0.37";"2022.01.18 05:40:00";"15507.38";"-37.11";"15756.92";"OOS1";"TrailingStop";"-65.81";"25.41";"3d 12h 40m";""
"26";"NAS100_DukasM1_Infinox";"Buy";"2022.01.19 17:00:00";"15375.06";"0.43";"2022.01.19 18:18:00";"15142.11";"-100.17";"15656.75";"OOS1";"SL";"-100.17";"3.02";"1h 18m";""
"27";"NAS100_DukasM1_Infinox";"Buy";"2022.01.20 17:00:00";"15290.40";"0.4";"2022.01.20 21:12:00";"15178.57";"-44.73";"15612.02";"OOS1";"TrailingStop";"-44.73";"23.96";"4h 12m";""
"28";"NAS100_DukasM1_Infinox";"Buy";"2022.01.25 22:00:00";"14406.91";"0.2";"2022.01.26 21:45:00";"14317.40";"-18.58";"15593.44";"OOS1";"TrailingStop";"-88.14";"49.50";"23h 45m";""
"29";"NAS100_DukasM1_Infinox";"Buy";"2022.01.27 17:00:00";"14372.09";"0.21";"2022.01.28 14:26:00";"13913.81";"-96.95";"15496.49";"OOS1";"SL";"-96.24";"10.94";"21h 26m";""
"30";"NAS100_DukasM1_Infinox";"Buy";"2022.01.28 19:00:00";"14303.59";"0.21";"2022.02.01 16:43:00";"14824.30";"106.51";"15603.00";"OOS1";"TrailingStop";"-48.52";"142.28";"3d 21h 43m";""
"31";"NAS100_DukasM1_Infinox";"Buy";"2022.02.01 23:00:00";"15007.65";"0.34";"2022.02.02 16:30:00";"15145.81";"45.77";"15648.77";"OOS1";"TrailingStop";"-2.04";"91.34";"17h 30m";""
"32";"NAS100_DukasM1_Infinox";"Buy";"2022.02.15 02:00:00";"14308.64";"0.29";"2022.02.16 16:00:00";"14521.56";"60.77";"15709.53";"OOS1";"TrailingStop";"-21.92";"105.84";"1d 14h 0m";""
"33";"NAS100_DukasM1_Infinox";"Buy";"2022.02.22 17:00:00";"14031.21";"0.31";"2022.02.23 17:02:00";"13871.66";"-50.49";"15659.05";"OOS1";"TrailingStop";"-97.55";"26.31";"1d 0h 2m";""
"34";"NAS100_DukasM1_Infinox";"Buy";"2022.02.24 17:00:00";"13349.51";"0.25";"2022.02.28 01:05:00";"13956.96";"148.71";"15807.76";"OOS1";"TrailingStop";"-23.84";"213.44";"3d 8h 5m";""
"35";"NAS100_DukasM1_Infinox";"Buy";"2022.02.28 17:00:00";"14153.21";"0.26";"2022.02.28 21:07:00";"14044.38";"-28.30";"15779.46";"OOS1";"TrailingStop";"-29.02";"37.79";"4h 7m";""
"36";"NAS100_DukasM1_Infinox";"Buy";"2022.03.02 19:00:00";"14171.30";"0.29";"2022.03.03 17:15:00";"14202.73";"8.14";"15787.61";"OOS1";"TrailingStop";"-4.76";"64.58";"22h 15m";""
"37";"NAS100_DukasM1_Infinox";"Buy";"2022.03.09 10:00:00";"13425.38";"0.25";"2022.03.10 13:05:00";"13562.34";"33.45";"15821.05";"OOS1";"TrailingStop";"-17.27";"92.98";"1d 3h 5m";""
"38";"NAS100_DukasM1_Infinox";"Buy";"2022.03.11 14:00:00";"13819.19";"0.35";"2022.03.11 17:03:00";"13537.31";"-98.66";"15722.39";"OOS1";"SL";"-98.66";"3.58";"3h 3m";""
"39";"NAS100_DukasM1_Infinox";"Buy";"2022.03.15 17:00:00";"13292.79";"0.33";"2022.03.16 19:09:00";"13685.58";"128.58";"15850.98";"OOS1";"TrailingStop";"-10.09";"189.79";"1d 2h 9m";""
"40";"NAS100_DukasM1_Infinox";"Buy";"2022.03.16 22:00:00";"13958.81";"0.29";"2022.03.17 12:02:00";"13851.47";"-32.08";"15818.90";"OOS1";"TrailingStop";"-31.13";"18.49";"14h 2m";""
"41";"NAS100_DukasM1_Infinox";"Buy";"2022.03.17 20:00:00";"14075.48";"0.32";"2022.03.21 15:54:00";"14303.03";"68.56";"15887.46";"OOS1";"TrailingStop";"-33.67";"127.21";"3d 19h 54m";""
"42";"NAS100_DukasM1_Infinox";"Buy";"2022.04.08 10:00:00";"14597.28";"0.47";"2022.04.08 16:02:00";"14495.86";"-47.67";"15839.79";"OOS1";"TrailingStop";"-47.67";"17.64";"6h 2m";""
"43";"NAS100_DukasM1_Infinox";"Buy";"2022.04.13 19:00:00";"14149.33";"0.39";"2022.04.14 16:40:00";"14165.11";"4.85";"15844.64";"OOS1";"TrailingStop";"-10.91";"54.74";"21h 40m";""
"44";"NAS100_DukasM1_Infinox";"Buy";"2022.04.18 18:00:00";"13941.01";"0.49";"2022.04.19 11:49:00";"13882.88";"-30.10";"15814.54";"OOS1";"TrailingStop";"-75.89";"37.33";"17h 49m";""
"45";"NAS100_DukasM1_Infinox";"Buy";"2022.04.19 14:00:00";"13891.52";"0.47";"2022.04.19 23:13:00";"14073.97";"84.21";"15898.75";"OOS1";"TrailingStop";"-27.14";"162.81";"9h 13m";""
"46";"NAS100_DukasM1_Infinox";"Buy";"2022.04.21 17:00:00";"14202.82";"0.47";"2022.04.21 18:56:00";"13989.48";"-100.27";"15798.49";"OOS1";"SL";"-100.27";"5.52";"1h 56m";""
"47";"NAS100_DukasM1_Infinox";"Buy";"2022.04.25 20:00:00";"13340.23";"0.31";"2022.04.26 16:30:00";"13419.38";"23.56";"15822.04";"OOS1";"TrailingStop";"-11.61";"73.96";"20h 30m";""
"48";"NAS100_DukasM1_Infinox";"Buy";"2022.04.27 20:00:00";"13190.44";"0.26";"2022.04.28 15:53:00";"13170.49";"-6.00";"15816.05";"OOS1";"TrailingStop";"-55.41";"40.29";"19h 53m";""
"49";"NAS100_DukasM1_Infinox";"Buy";"2022.04.28 20:00:00";"13357.62";"0.28";"2022.04.28 23:02:00";"13299.87";"-17.05";"15799.00";"OOS1";"TrailingStop";"-16.17";"51.37";"3h 2m";""
"50";"NAS100_DukasM1_Infinox";"Buy";"2022.04.29 08:00:00";"13348.68";"0.32";"2022.04.29 17:23:00";"13253.98";"-30.30";"15768.69";"OOS1";"TrailingStop";"-39.19";"26.75";"9h 23m";""
"51";"NAS100_DukasM1_Infinox";"Buy";"2022.05.02 23:00:00";"13074.02";"0.25";"2022.05.04 17:00:00";"13013.94";"-16.56";"15752.13";"OOS1";"TrailingStop";"-25.85";"27.57";"1d 18h 0m";""
"52";"NAS100_DukasM1_Infinox";"Buy";"2022.05.04 22:00:00";"13340.59";"0.32";"2022.05.05 11:40:00";"13404.54";"19.46";"15771.58";"OOS1";"TrailingStop";"-9.57";"68.90";"13h 40m";""
"53";"NAS100_DukasM1_Infinox";"Buy";"2022.05.10 21:00:00";"12512.12";"0.25";"2022.05.11 15:30:00";"12360.82";"-38.56";"15733.02";"OOS1";"TrailingStop";"-50.14";"9.09";"18h 30m";""
"54";"NAS100_DukasM1_Infinox";"Buy";"2022.05.12 18:00:00";"12074.06";"0.24";"2022.05.16 06:20:00";"12279.82";"46.65";"15779.67";"OOS1";"TrailingStop";"-92.24";"100.93";"3d 12h 20m";""
"55";"NAS100_DukasM1_Infinox";"Buy";"2022.05.17 12:00:00";"12494.90";"0.38";"2022.05.17 17:35:00";"12384.43";"-41.98";"15737.69";"OOS1";"TrailingStop";"-41.98";"17.03";"5h 35m";""
"56";"NAS100_DukasM1_Infinox";"Buy";"2022.05.19 19:00:00";"12027.64";"0.33";"2022.05.20 17:08:00";"11915.45";"-37.96";"15699.73";"OOS1";"TrailingStop";"-60.05";"21.27";"22h 8m";""
"57";"NAS100_DukasM1_Infinox";"Buy";"2022.05.25 07:00:00";"11883.53";"0.38";"2022.05.30 16:20:00";"12763.14";"328.92";"16028.65";"OOS1";"TrailingStop";"-81.42";"377.93";"5d 9h 20m";""
"58";"NAS100_DukasM1_Infinox";"Buy";"2022.06.15 19:00:00";"11499.60";"0.41";"2022.06.15 21:06:00";"11395.83";"-42.55";"15986.10";"OOS1";"TrailingStop";"-42.55";"43.87";"2h 6m";""
"59";"NAS100_DukasM1_Infinox";"Buy";"2022.06.17 21:00:00";"11308.88";"0.33";"2022.06.21 22:58:00";"11525.69";"68.02";"16054.13";"OOS1";"TrailingStop";"-24.58";"109.37";"4d 1h 58m";""
"60";"NAS100_DukasM1_Infinox";"Buy";"2022.06.22 17:00:00";"11556.06";"0.5";"2022.06.22 19:07:00";"11536.12";"-9.97";"16044.16";"OOS1";"TrailingStop";"-17.71";"76.31";"2h 7m";""
"61";"NAS100_DukasM1_Infinox";"Buy";"2022.06.23 04:00:00";"11550.54";"0.41";"2022.06.23 16:39:00";"11526.08";"-10.03";"16034.13";"OOS1";"TrailingStop";"-41.75";"47.87";"12h 39m";""
"62";"NAS100_DukasM1_Infinox";"Buy";"2022.06.24 04:00:00";"11695.57";"0.41";"2022.06.27 16:34:00";"12083.82";"155.79";"16189.91";"OOS1";"TrailingStop";"-3.58";"217.52";"3d 12h 34m";""
"63";"NAS100_DukasM1_Infinox";"Buy";"2022.07.01 17:00:00";"11533.07";"0.38";"2022.07.05 11:16:00";"11560.37";"6.23";"16196.15";"OOS1";"TrailingStop";"-60.51";"69.27";"3d 18h 16m";""
"64";"NAS100_DukasM1_Infinox";"Buy";"2022.07.05 22:00:00";"11729.77";"0.4";"2022.07.08 15:31:00";"11999.47";"104.56";"16300.71";"OOS1";"TrailingStop";"-13.22";"163.13";"2d 17h 31m";""
"65";"NAS100_DukasM1_Infinox";"Buy";"2022.07.15 18:00:00";"11917.79";"0.43";"2022.07.18 20:34:00";"12051.88";"54.03";"16354.73";"OOS1";"TrailingStop";"-7.84";"102.95";"3d 2h 34m";""
"66";"NAS100_DukasM1_Infinox";"Buy";"2022.07.19 17:00:00";"12038.68";"0.58";"2022.07.20 13:40:00";"12224.84";"106.32";"16461.06";"OOS1";"TrailingStop";"-32.10";"166.71";"20h 40m";""
"67";"NAS100_DukasM1_Infinox";"Buy";"2022.08.24 19:00:00";"12977.84";"0.6";"2022.08.25 12:49:00";"12975.48";"-3.25";"16457.80";"OOS1";"TrailingStop";"-49.24";"54.94";"17h 49m";""
"68";"NAS100_DukasM1_Infinox";"Buy";"2022.08.25 23:00:00";"13147.07";"0.56";"2022.08.26 17:27:00";"12968.28";"-101.86";"16355.94";"OOS1";"SL";"-100.12";"32.94";"18h 27m";""
"69";"NAS100_DukasM1_Infinox";"Buy";"2022.08.29 17:00:00";"12523.06";"0.48";"2022.08.30 16:40:00";"12518.08";"-3.81";"16352.13";"OOS1";"TrailingStop";"-40.95";"59.06";"23h 40m";""
"70";"NAS100_DukasM1_Infinox";"Buy";"2022.09.01 23:00:00";"12274.91";"0.41";"2022.09.02 19:33:00";"12276.93";"-0.36";"16351.77";"OOS1";"TrailingStop";"-18.52";"73.22";"20h 33m";""
"71";"NAS100_DukasM1_Infinox";"Buy";"2022.09.05 18:00:00";"12141.98";"0.49";"2022.09.06 16:33:00";"12100.64";"-21.66";"16330.11";"OOS1";"TrailingStop";"-20.26";"46.26";"22h 33m";""
"72";"NAS100_DukasM1_Infinox";"Buy";"2022.09.07 17:00:00";"12075.35";"0.5";"2022.09.08 15:41:00";"12200.76";"61.28";"16391.39";"OOS1";"TrailingStop";"-25.40";"124.32";"22h 41m";""
"73";"NAS100_DukasM1_Infinox";"Buy";"2022.09.08 18:00:00";"12339.83";"0.47";"2022.09.12 19:10:00";"12638.72";"135.00";"16526.39";"OOS1";"TrailingStop";"-96.23";"193.77";"4d 1h 10m";""
"74";"NAS100_DukasM1_Infinox";"Buy";"2022.09.12 20:00:00";"12713.12";"0.55";"2022.09.13 15:30:00";"12753.75";"20.70";"16547.09";"OOS1";"TrailingStop";"-18.94";"84.74";"19h 30m";""
"75";"NAS100_DukasM1_Infinox";"Buy";"2022.09.16 23:00:00";"11856.31";"0.48";"2022.09.19 09:09:00";"11759.39";"-50.55";"16496.54";"OOS1";"TrailingStop";"-46.52";"9.73";"2d 10h 9m";""
"76";"NAS100_DukasM1_Infinox";"Buy";"2022.09.19 17:00:00";"11843.59";"0.56";"2022.09.20 12:10:00";"11901.60";"30.92";"16527.46";"OOS1";"TrailingStop";"-36.00";"99.80";"19h 10m";""
"77";"NAS100_DukasM1_Infinox";"Buy";"2022.09.21 21:00:00";"11962.44";"0.58";"2022.09.21 21:01:00";"11791.22";"-99.31";"16428.15";"OOS1";"SL";"-99.31";"4.50";"1m 0s";""
"78";"NAS100_DukasM1_Infinox";"Buy";"2022.09.26 17:00:00";"11430.32";"0.4";"2022.09.27 18:29:00";"11313.81";"-47.68";"16380.46";"OOS1";"TrailingStop";"-80.84";"29.96";"1d 1h 29m";""
"79";"NAS100_DukasM1_Infinox";"Buy";"2022.09.28 18:00:00";"11336.85";"0.35";"2022.09.29 09:20:00";"11358.92";"6.79";"16387.25";"OOS1";"TrailingStop";"-4.98";"74.53";"15h 20m";""
"80";"NAS100_DukasM1_Infinox";"Buy";"2022.10.03 18:00:00";"11142.83";"0.38";"2022.10.04 20:15:00";"11489.91";"130.89";"16518.14";"OOS1";"TrailingStop";"-15.85";"177.28";"1d 2h 15m";""
"81";"NAS100_DukasM1_Infinox";"Buy";"2022.10.05 14:00:00";"11503.41";"0.6";"2022.10.05 17:16:00";"11338.12";"-99.17";"16418.97";"OOS1";"SL";"-99.17";"0.00";"3h 16m";""
"82";"NAS100_DukasM1_Infinox";"Buy";"2022.10.06 16:00:00";"11561.90";"0.52";"2022.10.07 01:05:00";"11460.97";"-53.90";"16365.06";"OOS1";"TrailingStop";"-74.50";"51.43";"9h 5m";""
"83";"NAS100_DukasM1_Infinox";"Buy";"2022.10.13 19:00:00";"10958.44";"0.3";"2022.10.14 12:01:00";"10948.96";"-3.62";"16361.44";"OOS1";"TrailingStop";"-27.46";"51.74";"17h 1m";""
"84";"NAS100_DukasM1_Infinox";"Buy";"2022.10.17 17:00:00";"11028.15";"0.4";"2022.10.18 18:31:00";"11067.31";"14.62";"16376.07";"OOS1";"TrailingStop";"-23.55";"112.30";"1d 1h 31m";""
"85";"NAS100_DukasM1_Infinox";"Buy";"2022.10.19 05:00:00";"11312.97";"0.37";"2022.10.19 20:02:00";"11048.69";"-97.78";"16278.28";"OOS1";"SL";"-97.78";"0.01";"15h 2m";""
"86";"NAS100_DukasM1_Infinox";"Buy";"2022.11.01 13:00:00";"11543.16";"0.65";"2022.11.01 15:48:00";"11477.98";"-42.37";"16235.92";"OOS1";"TrailingStop";"-42.37";"23.17";"2h 48m";""
"87";"NAS100_DukasM1_Infinox";"Buy";"2022.11.07 22:00:00";"10963.59";"0.41";"2022.11.08 20:30:00";"11052.27";"35.30";"16271.21";"OOS1";"TrailingStop";"-18.72";"94.61";"22h 30m";""
"88";"NAS100_DukasM1_Infinox";"Buy";"2022.11.08 23:00:00";"11059.08";"0.4";"2022.11.09 16:30:00";"10963.90";"-39.12";"16232.10";"OOS1";"TrailingStop";"-38.07";"25.93";"17h 30m";""
"89";"NAS100_DukasM1_Infinox";"Buy";"2022.11.10 16:00:00";"11271.94";"0.41";"2022.11.11 16:15:00";"11609.59";"137.35";"16369.44";"OOS1";"TrailingStop";"-14.81";"192.52";"1d 0h 15m";""
"90";"NAS100_DukasM1_Infinox";"Buy";"2022.11.11 21:00:00";"11810.59";"0.39";"2022.11.14 16:35:00";"11696.80";"-47.64";"16321.80";"OOS1";"TrailingStop";"-44.38";"12.10";"2d 19h 35m";""
"91";"NAS100_DukasM1_Infinox";"Buy";"2022.11.14 20:00:00";"11796.33";"0.51";"2022.11.14 22:47:00";"11746.66";"-25.33";"16296.47";"OOS1";"TrailingStop";"-25.33";"35.28";"2h 47m";""
"92";"NAS100_DukasM1_Infinox";"Buy";"2022.12.08 17:00:00";"11588.21";"0.66";"2022.12.09 15:30:00";"11646.77";"36.84";"16333.31";"OOS1";"TrailingStop";"-13.46";"90.80";"22h 30m";""
"93";"NAS100_DukasM1_Infinox";"Buy";"2022.12.12 22:00:00";"11639.07";"0.71";"2022.12.13 17:07:00";"12049.18";"289.23";"16622.54";"OOS1";"TrailingStop";"-1.60";"405.76";"19h 7m";""
"94";"NAS100_DukasM1_Infinox";"Buy";"2022.12.14 17:00:00";"11880.32";"0.54";"2022.12.14 21:00:00";"11821.24";"-31.90";"16590.63";"OOS1";"TrailingStop";"-31.90";"33.89";"4h 0m";""
"1";"NAS100_DukasM1_Infinox";"Buy";"2022.12.20 18:00:00";"11091.89";"0.47";"2022.12.22 14:16:00";"11195.64";"46.30";"16636.94";"OOS1";"TrailingStop";"-43.16";"91.88";"1d 20h 16m";""
"2";"NAS100_DukasM1_Infinox";"Buy";"2022.12.27 02:00:00";"11063.57";"0.41";"2022.12.27 15:38:00";"10979.14";"-34.62";"16602.32";"OOS1";"TrailingStop";"-34.62";"10.22";"13h 38m";""
"3";"NAS100_DukasM1_Infinox";"Buy";"2022.12.29 17:00:00";"10873.02";"0.61";"2022.12.30 08:56:00";"10885.65";"6.14";"16608.46";"OOS1";"TrailingStop";"-12.37";"67.33";"15h 56m";""
"4";"NAS100_DukasM1_Infinox";"Buy";"2022.12.30 23:00:00";"10940.22";"0.53";"2023.01.03 03:23:00";"10872.85";"-41.18";"16567.28";"OOS1";"TrailingStop";"-35.71";"65.16";"3d 4h 23m";""
"5";"NAS100_DukasM1_Infinox";"Buy";"2023.01.03 06:00:00";"10949.15";"0.52";"2023.01.03 13:44:00";"10992.16";"22.37";"16589.64";"OOS1";"TrailingStop";"-7.25";"70.28";"7h 44m";""
"6";"NAS100_DukasM1_Infinox";"Buy";"2023.01.06 18:00:00";"10909.80";"0.39";"2023.01.09 20:46:00";"11189.79";"106.18";"16695.82";"OOS1";"TrailingStop";"-6.99";"154.91";"3d 2h 46m";""
"7";"NAS100_DukasM1_Infinox";"Buy";"2023.01.10 13:00:00";"11120.46";"0.57";"2023.01.12 15:29:00";"11357.10";"131.89";"16827.71";"OOS1";"TrailingStop";"-59.73";"195.47";"2d 2h 29m";""
"8";"NAS100_DukasM1_Infinox";"Buy";"2023.02.15 19:00:00";"12606.48";"0.43";"2023.02.16 14:17:00";"12648.95";"16.98";"16844.70";"OOS1";"TrailingStop";"-18.00";"60.73";"19h 17m";""
"9";"NAS100_DukasM1_Infinox";"Buy";"2023.02.23 02:00:00";"12135.17";"0.53";"2023.02.23 17:31:00";"12127.10";"-4.28";"16840.42";"OOS1";"TrailingStop";"-9.84";"48.67";"15h 31m";""
"10";"NAS100_DukasM1_Infinox";"Buy";"2023.02.28 21:00:00";"12139.35";"0.59";"2023.03.01 03:00:00";"11969.41";"-101.96";"16738.46";"OOS1";"SL";"-100.26";"4.93";"6h 0m";""
"11";"NAS100_DukasM1_Infinox";"Buy";"2023.03.02 18:00:00";"11904.55";"0.56";"2023.03.06 20:09:00";"12358.33";"247.82";"16986.29";"OOS1";"TrailingStop";"-23.64";"315.02";"4d 2h 9m";""
"12";"NAS100_DukasM1_Infinox";"Buy";"2023.03.14 16:00:00";"12124.67";"0.33";"2023.03.14 21:09:00";"12054.00";"-23.32";"16962.96";"OOS1";"TrailingStop";"-23.32";"31.04";"5h 9m";""
"13";"NAS100_DukasM1_Infinox";"Buy";"2023.03.15 21:00:00";"12248.11";"0.31";"2023.03.16 15:32:00";"12193.31";"-17.88";"16945.08";"OOS1";"TrailingStop";"-24.61";"25.13";"18h 32m";""
"14";"NAS100_DukasM1_Infinox";"Buy";"2023.04.27 11:00:00";"12924.03";"0.7";"2023.05.01 15:18:00";"13210.02";"191.65";"17136.73";"OOS1";"TrailingStop";"-23.62";"255.34";"4d 4h 18m";""
"15";"NAS100_DukasM1_Infinox";"Buy";"2023.05.08 21:00:00";"13283.66";"0.81";"2023.05.09 11:29:00";"13235.66";"-41.42";"17095.31";"OOS1";"TrailingStop";"-46.92";"16.65";"14h 29m";""
"16";"NAS100_DukasM1_Infinox";"Buy";"2023.06.12 19:00:00";"14657.21";"0.65";"2023.06.13 14:56:00";"14808.73";"96.24";"17191.54";"OOS1";"TrailingStop";"-13.72";"148.72";"19h 56m";""
"17";"NAS100_DukasM1_Infinox";"Buy";"2023.06.26 17:00:00";"14971.94";"0.56";"2023.06.26 19:05:00";"14795.39";"-98.87";"17092.68";"OOS1";"SL";"-98.87";"7.11";"2h 5m";""
"18";"NAS100_DukasM1_Infinox";"Buy";"2023.06.30 16:00:00";"15078.50";"0.7";"2023.07.03 17:43:00";"15158.86";"48.78";"17141.45";"OOS1";"TrailingStop";"-1.88";"106.96";"3d 1h 43m";""
"19";"NAS100_DukasM1_Infinox";"Buy";"2023.07.05 17:00:00";"15222.87";"0.76";"2023.07.05 18:57:00";"15194.96";"-21.21";"17120.24";"OOS1";"TrailingStop";"-21.21";"41.58";"1h 57m";""
"20";"NAS100_DukasM1_Infinox";"Buy";"2023.07.12 21:00:00";"15315.85";"0.53";"2023.07.14 20:01:00";"15611.14";"152.67";"17272.91";"OOS1";"TrailingStop";"-18.59";"215.94";"1d 23h 1m";""
"21";"NAS100_DukasM1_Infinox";"Buy";"2023.07.25 12:00:00";"15508.32";"0.74";"2023.07.25 23:01:00";"15513.04";"0.78";"17273.70";"OOS1";"TrailingStop";"-30.66";"86.87";"11h 1m";""
"22";"NAS100_DukasM1_Infinox";"Buy";"2023.07.27 05:00:00";"15583.05";"0.52";"2023.07.27 17:27:00";"15680.89";"50.88";"17324.57";"OOS1";"TrailingStop";"-2.27";"110.48";"12h 27m";""
"23";"NAS100_DukasM1_Infinox";"Buy";"2023.08.07 23:00:00";"15405.95";"0.48";"2023.08.08 16:50:00";"15197.48";"-101.81";"17222.76";"OOS1";"SL";"-100.07";"4.44";"17h 50m";""
"24";"NAS100_DukasM1_Infinox";"Buy";"2023.08.10 17:00:00";"15352.97";"0.52";"2023.08.10 18:50:00";"15161.83";"-99.39";"17123.37";"OOS1";"SL";"-99.39";"8.16";"1h 50m";""
"25";"NAS100_DukasM1_Infinox";"Buy";"2023.08.14 18:00:00";"15163.67";"0.43";"2023.08.15 10:26:00";"15164.95";"-0.99";"17122.38";"OOS1";"TrailingStop";"-25.70";"43.61";"16h 26m";""
"26";"NAS100_DukasM1_Infinox";"Buy";"2023.08.15 12:00:00";"15161.20";"0.53";"2023.08.16 18:58:00";"14974.72";"-100.73";"17021.65";"OOS1";"SL";"-98.83";"16.08";"1d 6h 58m";""
"27";"NAS100_DukasM1_Infinox";"Buy";"2023.08.21 03:00:00";"14722.06";"0.51";"2023.08.21 17:30:00";"14772.21";"25.58";"17047.22";"OOS1";"TrailingStop";"-30.27";"79.53";"14h 30m";""
"28";"NAS100_DukasM1_Infinox";"Buy";"2023.08.23 17:00:00";"15043.12";"0.56";"2023.08.24 16:30:00";"15262.05";"120.61";"17167.83";"OOS1";"TrailingStop";"-7.12";"179.75";"23h 30m";""
"29";"NAS100_DukasM1_Infinox";"Buy";"2023.08.25 17:00:00";"14906.90";"0.49";"2023.08.28 18:42:00";"14956.31";"19.04";"17186.87";"OOS1";"TrailingStop";"-94.72";"88.11";"3d 1h 42m";""
"30";"NAS100_DukasM1_Infinox";"Buy";"2023.08.29 06:00:00";"15065.97";"0.51";"2023.08.30 11:29:00";"15336.16";"135.98";"17322.85";"OOS1";"TrailingStop";"-28.69";"183.77";"1d 5h 29m";""
"31";"NAS100_DukasM1_Infinox";"Buy";"2023.09.11 09:00:00";"15350.84";"0.64";"2023.09.11 16:46:00";"15342.17";"-5.55";"17317.30";"OOS1";"TrailingStop";"-6.48";"53.99";"7h 46m";""
"32";"NAS100_DukasM1_Infinox";"Buy";"2023.09.12 13:00:00";"15421.18";"0.79";"2023.09.12 16:30:00";"15375.53";"-36.06";"17281.24";"OOS1";"TrailingStop";"-36.06";"13.20";"3h 30m";""
"33";"NAS100_DukasM1_Infinox";"Buy";"2023.09.13 17:00:00";"15344.89";"0.62";"2023.09.13 22:07:00";"15315.84";"-18.01";"17263.23";"OOS1";"TrailingStop";"-57.67";"44.50";"5h 7m";""
"34";"NAS100_DukasM1_Infinox";"Buy";"2023.09.18 19:00:00";"15259.16";"0.61";"2023.09.19 17:01:00";"15096.21";"-101.60";"17161.63";"OOS1";"SL";"-99.40";"6.47";"22h 1m";""
"35";"NAS100_DukasM1_Infinox";"Buy";"2023.09.22 18:00:00";"14844.70";"0.61";"2023.09.25 11:36:00";"14680.27";"-106.72";"17054.92";"OOS1";"SL";"-100.30";"9.51";"2d 17h 36m";""
"36";"NAS100_DukasM1_Infinox";"Buy";"2023.09.28 18:00:00";"14628.01";"0.47";"2023.09.29 18:34:00";"14785.36";"72.33";"17127.25";"OOS1";"TrailingStop";"-11.73";"130.60";"1d 0h 34m";""
"37";"NAS100_DukasM1_Infinox";"Buy";"2023.10.06 19:00:00";"14910.11";"0.36";"2023.10.09 01:10:00";"14870.76";"-17.97";"17109.28";"OOS1";"TrailingStop";"-14.17";"40.06";"2d 6h 10m";""
"38";"NAS100_DukasM1_Infinox";"Buy";"2023.10.23 19:00:00";"14660.70";"0.42";"2023.10.23 22:23:00";"14634.67";"-10.93";"17098.35";"OOS1";"TrailingStop";"-10.93";"38.69";"3h 23m";""
"39";"NAS100_DukasM1_Infinox";"Buy";"2023.10.24 22:00:00";"14730.60";"0.44";"2023.10.25 10:20:00";"14639.04";"-41.82";"17056.53";"OOS1";"TrailingStop";"-40.29";"52.27";"12h 20m";""
"40";"NAS100_DukasM1_Infinox";"Buy";"2023.10.27 19:00:00";"14293.29";"0.43";"2023.10.30 16:18:00";"14280.80";"-9.72";"17046.81";"OOS1";"TrailingStop";"-70.97";"43.63";"2d 21h 18m";""
"41";"NAS100_DukasM1_Infinox";"Buy";"2023.10.31 20:00:00";"14397.53";"0.47";"2023.11.01 13:45:00";"14334.84";"-31.06";"17015.74";"OOS1";"TrailingStop";"-29.46";"10.98";"17h 45m";""
"42";"NAS100_DukasM1_Infinox";"Buy";"2023.11.01 15:00:00";"14418.42";"0.6";"2023.11.02 16:14:00";"14790.59";"221.26";"17237.00";"OOS1";"TrailingStop";"-17.80";"273.89";"1d 1h 14m";""
"43";"NAS100_DukasM1_Infinox";"Buy";"2023.11.02 20:00:00";"14916.91";"0.55";"2023.11.06 20:18:00";"15082.65";"83.41";"17320.41";"OOS1";"TrailingStop";"-34.83";"144.64";"4d 0h 18m";""
"44";"NAS100_DukasM1_Infinox";"Buy";"2023.12.05 17:00:00";"15828.00";"0.64";"2023.12.05 18:19:00";"15842.94";"9.56";"17329.97";"OOS1";"TrailingStop";"-1.94";"67.00";"1h 19m";""
"45";"NAS100_DukasM1_Infinox";"Buy";"2023.12.07 18:00:00";"15977.94";"0.6";"2023.12.08 14:10:00";"15953.89";"-16.69";"17313.28";"OOS1";"TrailingStop";"-40.93";"39.88";"20h 10m";""
"46";"NAS100_DukasM1_Infinox";"Buy";"2023.12.08 18:00:00";"16091.61";"0.6";"2023.12.12 16:28:00";"16214.61";"64.68";"17377.96";"OOS1";"TrailingStop";"-70.67";"136.70";"3d 22h 28m";""
"47";"NAS100_DukasM1_Infinox";"Buy";"2024.01.05 17:00:00";"16313.32";"0.62";"2024.01.05 19:08:00";"16321.60";"5.13";"17383.10";"OOS1";"TrailingStop";"-1.12";"63.83";"2h 8m";""
"48";"NAS100_DukasM1_Infinox";"Buy";"2024.01.08 14:00:00";"16299.95";"0.63";"2024.01.09 11:14:00";"16565.07";"164.60";"17547.70";"OOS1";"TrailingStop";"-4.25";"222.53";"21h 14m";""
"49";"NAS100_DukasM1_Infinox";"Buy";"2024.01.09 19:00:00";"16683.41";"0.61";"2024.01.10 15:01:00";"16681.64";"-3.48";"17544.21";"OOS1";"TrailingStop";"-33.11";"43.72";"20h 1m";""
"50";"NAS100_DukasM1_Infinox";"Buy";"2024.01.10 20:00:00";"16760.94";"0.63";"2024.01.10 22:49:00";"16750.51";"-6.57";"17537.64";"OOS1";"TrailingStop";"-16.78";"43.89";"2h 49m";""
"51";"NAS100_DukasM1_Infinox";"Buy";"2024.02.02 18:00:00";"17549.93";"0.43";"2024.02.05 17:13:00";"17559.81";"-1.10";"17536.55";"OOS1";"TrailingStop";"-14.95";"57.65";"2d 23h 13m";""
"52";"NAS100_DukasM1_Infinox";"Buy";"2024.02.16 05:00:00";"17875.55";"0.59";"2024.02.16 15:30:00";"17883.07";"4.44";"17540.98";"OOS1";"TrailingStop";"-6.15";"49.46";"10h 30m";""
"53";"NAS100_DukasM1_Infinox";"Buy";"2024.02.22 02:00:00";"17650.39";"0.41";"2024.02.23 18:02:00";"17953.04";"122.38";"17663.36";"OOS1";"TrailingStop";"-1.48";"182.12";"1d 16h 2m";""
"54";"NAS100_DukasM1_Infinox";"Buy";"2024.02.26 19:00:00";"18003.58";"0.58";"2024.02.28 23:07:00";"17831.45";"-107.23";"17556.13";"OOS1";"SL";"-99.84";"6.09";"2d 4h 7m";""
"55";"NAS100_DukasM1_Infinox";"Buy";"2024.03.19 20:00:00";"18018.05";"0.43";"2024.03.21 20:02:00";"18360.98";"143.80";"17699.93";"OOS1";"TrailingStop";"-20.75";"192.53";"2d 0h 2m";""
"56";"NAS100_DukasM1_Infinox";"Buy";"2024.04.05 17:00:00";"18017.10";"0.48";"2024.04.05 20:57:00";"18088.96";"34.49";"17734.42";"OOS1";"TrailingStop";"-15.97";"92.93";"3h 57m";""
"57";"NAS100_DukasM1_Infinox";"Buy";"2024.04.08 18:00:00";"18174.01";"0.42";"2024.04.10 15:30:00";"18137.11";"-19.10";"17715.32";"OOS1";"TrailingStop";"-85.69";"44.06";"1d 21h 30m";""
"58";"NAS100_DukasM1_Infinox";"Buy";"2024.04.11 17:00:00";"18087.70";"0.45";"2024.04.12 12:45:00";"18232.84";"63.39";"17778.71";"OOS1";"TrailingStop";"-42.04";"111.49";"19h 45m";""
"59";"NAS100_DukasM1_Infinox";"Buy";"2024.04.17 03:00:00";"17772.73";"0.4";"2024.04.17 19:06:00";"17523.22";"-99.80";"17678.91";"OOS1";"SL";"-99.80";"12.07";"16h 6m";""
"60";"NAS100_DukasM1_Infinox";"Buy";"2024.04.22 21:00:00";"17256.32";"0.35";"2024.04.24 18:08:00";"17511.76";"86.55";"17765.46";"OOS1";"TrailingStop";"-39.11";"140.72";"1d 21h 8m";""
"61";"NAS100_DukasM1_Infinox";"Buy";"2024.04.25 21:00:00";"17440.29";"0.37";"2024.04.29 16:43:00";"17713.80";"95.10";"17860.56";"OOS1";"TrailingStop";"-28.43";"140.97";"3d 19h 43m";""
"62";"NAS100_DukasM1_Infinox";"Buy";"2024.05.03 19:00:00";"17879.41";"0.37";"2024.05.07 20:59:00";"18081.02";"68.35";"17928.91";"OOS1";"TrailingStop";"-10.28";"102.64";"4d 1h 59m";""
"63";"NAS100_DukasM1_Infinox";"Buy";"2024.06.03 10:00:00";"18612.89";"0.45";"2024.06.03 17:50:00";"18549.73";"-28.42";"17900.49";"OOS1";"TrailingStop";"-28.42";"40.62";"7h 50m";""
"64";"NAS100_DukasM1_Infinox";"Buy";"2024.06.04 22:00:00";"18660.92";"0.41";"2024.06.06 16:59:00";"18986.05";"129.69";"18030.18";"OOS1";"TrailingStop";"-32.98";"170.35";"1d 18h 59m";""
"65";"NAS100_DukasM1_Infinox";"Buy";"2024.06.07 20:00:00";"19106.44";"0.53";"2024.06.13 17:19:00";"19544.77";"217.97";"18248.15";"OOS1";"TrailingStop";"-89.66";"291.35";"5d 21h 19m";""
"1";"NAS100_DukasM1_Infinox";"Buy";"2024.06.27 17:00:00";"19802.71";"0.56";"2024.06.28 16:27:00";"19807.65";"0.15";"18248.30";"OOS1";"TrailingStop";"-60.99";"66.73";"23h 27m";""
"2";"NAS100_DukasM1_Infinox";"Buy";"2024.07.01 23:00:00";"19808.85";"0.41";"2024.07.05 15:30:00";"20170.06";"140.43";"18388.72";"OOS1";"TrailingStop";"-57.17";"171.04";"3d 16h 30m";""
"3";"NAS100_DukasM1_Infinox";"Buy";"2024.07.16 06:00:00";"20452.04";"0.46";"2024.07.17 09:23:00";"20238.07";"-100.65";"18288.08";"OOS1";"SL";"-98.43";"13.55";"1d 3h 23m";""
"4";"NAS100_DukasM1_Infinox";"Buy";"2024.07.22 17:00:00";"19794.98";"0.36";"2024.07.23 22:55:00";"19732.27";"-24.26";"18263.82";"OOS1";"TrailingStop";"-60.68";"40.98";"1d 5h 55m";""
"5";"NAS100_DukasM1_Infinox";"Buy";"2024.07.25 20:00:00";"19174.50";"0.24";"2024.07.29 17:59:00";"19073.47";"-28.59";"18235.22";"OOS1";"TrailingStop";"-94.62";"12.96";"3d 21h 59m";""
"6";"NAS100_DukasM1_Infinox";"Buy";"2024.07.31 16:00:00";"19204.98";"0.31";"2024.08.01 11:10:00";"19393.43";"57.01";"18292.24";"OOS1";"TrailingStop";"-11.38";"113.96";"19h 10m";""
"7";"NAS100_DukasM1_Infinox";"Buy";"2024.08.06 02:00:00";"18096.20";"0.12";"2024.08.06 12:17:00";"17949.87";"-17.56";"18274.68";"OOS1";"TrailingStop";"-17.56";"26.90";"10h 17m";""
"8";"NAS100_DukasM1_Infinox";"Buy";"2024.08.07 14:00:00";"18326.95";"0.19";"2024.08.07 19:04:00";"18173.61";"-29.13";"18245.54";"OOS1";"TrailingStop";"-29.13";"23.02";"5h 4m";""
"9";"NAS100_DukasM1_Infinox";"Buy";"2024.08.08 17:00:00";"18105.26";"0.19";"2024.08.09 15:30:00";"18331.25";"42.13";"18287.67";"OOS1";"TrailingStop";"-3.81";"84.48";"22h 30m";""
"10";"NAS100_DukasM1_Infinox";"Buy";"2024.08.12 06:00:00";"18553.25";"0.26";"2024.08.13 13:52:00";"18553.09";"-1.18";"18286.49";"OOS1";"TrailingStop";"-33.70";"43.28";"1d 7h 52m";""
"11";"NAS100_DukasM1_Infinox";"Buy";"2024.08.29 17:00:00";"19580.41";"0.33";"2024.08.29 21:28:00";"19438.98";"-46.67";"18239.82";"OOS1";"TrailingStop";"-46.67";"15.82";"4h 28m";""
"12";"NAS100_DukasM1_Infinox";"Buy";"2024.08.30 11:00:00";"19466.41";"0.35";"2024.08.30 17:58:00";"19415.58";"-17.79";"18222.03";"OOS1";"TrailingStop";"-17.79";"38.20";"6h 58m";""
"13";"NAS100_DukasM1_Infinox";"Buy";"2024.09.02 12:00:00";"19520.90";"0.43";"2024.09.03 02:41:00";"19509.05";"-7.08";"18214.95";"OOS1";"TrailingStop";"-5.10";"48.45";"14h 41m";""
"14";"NAS100_DukasM1_Infinox";"Buy";"2024.09.09 17:00:00";"18654.60";"0.35";"2024.09.10 18:59:00";"18606.73";"-18.30";"18196.65";"OOS1";"TrailingStop";"-66.70";"47.99";"1d 1h 59m";""
"15";"NAS100_DukasM1_Infinox";"Buy";"2024.09.10 21:00:00";"18761.46";"0.3";"2024.09.11 17:14:00";"18708.65";"-17.17";"18179.48";"OOS1";"TrailingStop";"-25.15";"41.34";"20h 14m";""
"16";"NAS100_DukasM1_Infinox";"Buy";"2024.09.11 20:00:00";"18890.87";"0.27";"2024.09.16 14:28:00";"19427.78";"138.94";"18318.43";"OOS1";"TrailingStop";"-1.42";"180.01";"4d 18h 28m";""
"17";"NAS100_DukasM1_Infinox";"Buy";"2024.10.04 01:06:00";"19750.87";"0.31";"2024.10.04 16:56:00";"19918.87";"52.08";"18370.51";"OOS1";"TrailingStop";"-1.93";"97.72";"15h 50m";""
"18";"NAS100_DukasM1_Infinox";"Buy";"2024.10.07 02:00:00";"20051.39";"0.32";"2024.10.08 01:33:00";"19746.16";"-99.19";"18271.32";"OOS1";"SL";"-97.67";"5.22";"23h 33m";""
"19";"NAS100_DukasM1_Infinox";"Buy";"2024.10.08 17:00:00";"19966.20";"0.41";"2024.10.10 15:30:00";"20194.27";"89.64";"18360.96";"OOS1";"TrailingStop";"-1.45";"132.56";"1d 22h 30m";""
"20";"NAS100_DukasM1_Infinox";"Buy";"2024.10.10 19:00:00";"20287.20";"0.48";"2024.10.14 17:51:00";"20410.10";"49.80";"18410.76";"OOS1";"TrailingStop";"-73.92";"101.54";"3d 22h 51m";""
"21";"NAS100_DukasM1_Infinox";"Buy";"2024.10.21 23:00:00";"20361.54";"0.44";"2024.10.22 09:44:00";"20273.25";"-40.96";"18369.79";"OOS1";"TrailingStop";"-38.85";"9.37";"10h 44m";""
"22";"NAS100_DukasM1_Infinox";"Buy";"2024.10.29 17:00:00";"20459.02";"0.48";"2024.10.30 14:52:00";"20547.84";"40.32";"18410.11";"OOS1";"TrailingStop";"-14.33";"90.52";"21h 52m";""
"23";"NAS100_DukasM1_Infinox";"Buy";"2024.11.04 04:00:00";"20072.70";"0.39";"2024.11.04 14:29:00";"20010.73";"-24.17";"18385.94";"OOS1";"TrailingStop";"-24.17";"21.36";"10h 29m";""
"24";"NAS100_DukasM1_Infinox";"Buy";"2024.11.05 17:00:00";"20177.99";"0.43";"2024.11.06 07:10:00";"20349.52";"71.71";"18457.65";"OOS1";"TrailingStop";"-28.09";"147.68";"14h 10m";""
"25";"NAS100_DukasM1_Infinox";"Buy";"2024.11.06 19:00:00";"20679.40";"0.29";"2024.11.08 12:37:00";"21045.73";"103.40";"18561.05";"OOS1";"TrailingStop";"-6.37";"135.57";"1d 17h 37m";""
"26";"NAS100_DukasM1_Infinox";"Buy";"2024.11.21 16:00:00";"20761.11";"0.33";"2024.11.21 17:29:00";"20465.68";"-97.49";"18463.56";"OOS1";"SL";"-97.49";"19.83";"1h 29m";""
"27";"NAS100_DukasM1_Infinox";"Buy";"2024.11.22 17:00:00";"20776.22";"0.35";"2024.11.25 17:01:00";"20830.13";"13.72";"18477.28";"OOS1";"TrailingStop";"-45.61";"79.97";"3d 0h 1m";""
"28";"NAS100_DukasM1_Infinox";"Buy";"2024.11.26 17:00:00";"20894.72";"0.45";"2024.11.27 11:31:00";"20836.09";"-28.60";"18448.68";"OOS1";"TrailingStop";"-30.19";"22.02";"18h 31m";""
"29";"NAS100_DukasM1_Infinox";"Buy";"2024.12.23 21:00:00";"21482.41";"0.26";"2024.12.26 10:21:00";"21762.21";"68.79";"18517.47";"OOS1";"TrailingStop";"-20.96";"99.56";"2d 13h 21m";""
"30";"NAS100_DukasM1_Infinox";"Buy";"2025.01.03 17:00:00";"21190.30";"0.31";"2025.01.06 20:45:00";"21540.88";"104.03";"18621.49";"OOS1";"TrailingStop";"-39.27";"158.78";"3d 3h 45m";""
"31";"NAS100_DukasM1_Infinox";"Buy";"2025.01.07 11:00:00";"21571.17";"0.41";"2025.01.07 17:00:00";"21480.53";"-37.16";"18584.33";"OOS1";"TrailingStop";"-37.16";"19.14";"6h 0m";""
"32";"NAS100_DukasM1_Infinox";"Buy";"2025.01.13 23:00:00";"20783.43";"0.27";"2025.01.14 14:21:00";"20820.28";"8.62";"18592.96";"OOS1";"TrailingStop";"-3.01";"52.88";"15h 21m";""
"33";"NAS100_DukasM1_Infinox";"Buy";"2025.01.15 16:00:00";"21122.16";"0.32";"2025.01.16 15:02:00";"21255.22";"40.98";"18633.94";"OOS1";"TrailingStop";"-29.55";"88.37";"23h 2m";""
"34";"NAS100_DukasM1_Infinox";"Buy";"2025.01.17 18:00:00";"21443.38";"0.33";"2025.01.20 19:26:00";"21483.76";"8.31";"18642.25";"OOS1";"TrailingStop";"-22.34";"60.61";"3d 1h 26m";""
"35";"NAS100_DukasM1_Infinox";"Buy";"2025.01.30 11:00:00";"21583.89";"0.35";"2025.01.31 20:30:00";"21689.72";"35.26";"18677.51";"OOS1";"TrailingStop";"-98.84";"92.42";"1d 9h 30m";""
"36";"NAS100_DukasM1_Infinox";"Buy";"2025.02.03 18:00:00";"21307.95";"0.22";"2025.02.04 07:05:00";"21250.05";"-13.84";"18663.66";"OOS1";"TrailingStop";"-17.20";"39.67";"13h 5m";""
"37";"NAS100_DukasM1_Infinox";"Buy";"2025.02.05 15:00:00";"21405.91";"0.36";"2025.02.06 13:56:00";"21614.25";"73.18";"18736.85";"OOS1";"TrailingStop";"-9.33";"115.84";"22h 56m";""
"38";"NAS100_DukasM1_Infinox";"Buy";"2025.02.12 02:00:00";"21720.71";"0.45";"2025.02.12 15:30:00";"21653.97";"-30.03";"18706.81";"OOS1";"TrailingStop";"-34.71";"15.88";"13h 30m";""
"39";"NAS100_DukasM1_Infinox";"Buy";"2025.02.26 18:00:00";"21296.63";"0.35";"2025.02.26 21:07:00";"21012.16";"-99.56";"18607.25";"OOS1";"SL";"-99.56";"18.93";"3h 7m";""
"40";"NAS100_DukasM1_Infinox";"Buy";"2025.02.27 14:00:00";"21289.50";"0.34";"2025.02.27 16:42:00";"21158.33";"-44.60";"18562.65";"OOS1";"TrailingStop";"-44.60";"13.48";"2h 42m";""
"41";"NAS100_DukasM1_Infinox";"Buy";"2025.02.28 18:00:00";"20714.18";"0.24";"2025.03.03 16:55:00";"20840.81";"26.87";"18589.52";"OOS1";"TrailingStop";"-66.60";"86.36";"2d 22h 55m";""
"42";"NAS100_DukasM1_Infinox";"Buy";"2025.03.04 22:00:00";"20578.04";"0.19";"2025.03.06 10:58:00";"20409.54";"-33.86";"18555.66";"OOS1";"TrailingStop";"-75.71";"21.21";"1d 12h 58m";""
"43";"NAS100_DukasM1_Infinox";"Buy";"2025.03.11 21:00:00";"19613.02";"0.16";"2025.03.12 16:41:00";"19485.20";"-21.19";"18534.47";"OOS1";"TrailingStop";"-41.32";"23.72";"19h 41m";""
"44";"NAS100_DukasM1_Infinox";"Buy";"2025.03.14 18:00:00";"19665.49";"0.25";"2025.03.17 17:34:00";"19630.94";"-12.12";"18522.35";"OOS1";"TrailingStop";"-32.56";"41.66";"2d 23h 34m";""
"45";"NAS100_DukasM1_Infinox";"Buy";"2025.03.17 21:00:00";"19924.45";"0.28";"2025.03.18 15:36:00";"19569.18";"-100.79";"18421.55";"OOS1";"SL";"-99.48";"1.53";"18h 36m";""
"46";"NAS100_DukasM1_Infinox";"Buy";"2025.03.19 18:00:00";"19704.95";"0.34";"2025.03.20 11:52:00";"19738.66";"9.88";"18431.44";"OOS1";"TrailingStop";"-47.50";"75.34";"17h 52m";""
"47";"NAS100_DukasM1_Infinox";"Buy";"2025.03.21 19:00:00";"19695.52";"0.27";"2025.03.26 11:54:00";"20233.41";"138.95";"18570.39";"OOS1";"TrailingStop";"-25.20";"172.97";"4d 16h 54m";""
"48";"NAS100_DukasM1_Infinox";"Buy";"2025.03.31 22:00:00";"19171.40";"0.26";"2025.04.01 14:32:00";"19156.31";"-5.10";"18565.29";"OOS1";"TrailingStop";"-16.53";"42.49";"16h 32m";""
"49";"NAS100_DukasM1_Infinox";"Buy";"2025.04.01 18:00:00";"19345.60";"0.26";"2025.04.01 21:18:00";"19238.84";"-27.76";"18537.53";"OOS1";"TrailingStop";"-27.76";"32.72";"3h 18m";""
"50";"NAS100_DukasM1_Infinox";"Buy";"2025.04.02 18:00:00";"19461.00";"0.28";"2025.04.02 21:28:00";"19459.39";"-0.45";"18537.08";"OOS1";"TrailingStop";"-15.23";"71.51";"3h 28m";""
"51";"NAS100_DukasM1_Infinox";"Buy";"2025.04.07 18:00:00";"17521.01";"0.07";"2025.04.08 19:35:00";"17680.81";"10.90";"18547.97";"OOS1";"TrailingStop";"-34.15";"49.07";"1d 1h 35m";""
"52";"NAS100_DukasM1_Infinox";"Buy";"2025.04.09 17:00:00";"17315.40";"0.09";"2025.04.10 11:33:00";"18577.98";"113.26";"18661.24";"OOS1";"TrailingStop";"-20.39";"172.25";"18h 33m";""
"53";"NAS100_DukasM1_Infinox";"Buy";"2025.04.11 21:00:00";"18682.28";"0.1";"2025.04.14 18:40:00";"18746.84";"5.13";"18666.37";"OOS1";"TrailingStop";"-11.05";"43.19";"2d 21h 40m";""
"54";"NAS100_DukasM1_Infinox";"Buy";"2025.04.22 17:00:00";"18138.93";"0.28";"2025.04.22 20:23:00";"18160.88";"6.15";"18672.52";"OOS1";"TrailingStop";"-3.52";"72.48";"3h 23m";""
"55";"NAS100_DukasM1_Infinox";"Buy";"2025.04.24 17:00:00";"18941.09";"0.23";"2025.04.25 13:33:00";"19177.89";"53.44";"18725.96";"OOS1";"TrailingStop";"-1.77";"102.75";"20h 33m";""
"56";"NAS100_DukasM1_Infinox";"Buy";"2025.05.26 10:00:00";"21198.86";"0.3";"2025.05.27 06:45:00";"21093.83";"-33.01";"18692.94";"OOS1";"TrailingStop";"-31.51";"16.04";"20h 45m";""
"57";"NAS100_DukasM1_Infinox";"Buy";"2025.06.04 21:00:00";"21749.81";"0.46";"2025.06.05 15:30:00";"21693.46";"-28.28";"18664.66";"OOS1";"TrailingStop";"-28.85";"24.83";"18h 30m";""
"58";"NAS100_DukasM1_Infinox";"Buy";"2025.06.18 18:00:00";"21851.28";"0.39";"2025.06.19 04:04:00";"21598.73";"-100.51";"18564.15";"OOS1";"SL";"-98.49";"1.35";"10h 4m";""
"59";"NAS100_DukasM1_Infinox";"Buy";"2025.06.20 07:00:00";"21678.61";"0.37";"2025.06.20 17:25:00";"21685.98";"2.73";"18566.88";"OOS1";"TrailingStop";"-15.73";"84.84";"10h 25m";""
"60";"NAS100_DukasM1_Infinox";"Buy";"2025.06.23 18:00:00";"21736.83";"0.33";"2025.06.25 18:32:00";"22216.54";"154.92";"18721.80";"OOS1";"TrailingStop";"-71.80";"195.40";"2d 0h 32m";""
"61";"NAS100_DukasM1_Infinox";"Buy";"2025.08.06 18:00:00";"23171.70";"0.4";"2025.08.07 17:25:00";"23444.15";"106.79";"18828.59";"OOS1";"TrailingStop";"-10.27";"155.31";"23h 25m";""
"62";"NAS100_DukasM1_Infinox";"Buy";"2025.08.08 17:00:00";"23541.40";"0.47";"2025.08.11 11:05:00";"23572.66";"6.85";"18835.45";"OOS1";"TrailingStop";"-15.57";"59.40";"2d 18h 5m";""
"63";"NAS100_DukasM1_Infinox";"Buy";"2025.08.22 17:00:00";"23264.41";"0.42";"2025.08.25 13:29:00";"23406.22";"52.64";"18888.08";"OOS1";"TrailingStop";"-37.05";"131.12";"2d 20h 29m";""
"64";"NAS100_DukasM1_Infinox";"Buy";"2025.08.25 18:00:00";"23503.92";"0.46";"2025.08.25 22:59:00";"23428.86";"-34.53";"18853.56";"OOS1";"TrailingStop";"-34.53";"20.09";"4h 59m";""
"65";"NAS100_DukasM1_Infinox";"Buy";"2025.08.26 18:00:00";"23458.69";"0.51";"2025.08.27 16:29:00";"23477.51";"6.77";"18860.33";"OOS1";"TrailingStop";"-22.93";"53.14";"22h 29m";""
"66";"NAS100_DukasM1_Infinox";"Buy";"2025.08.27 19:00:00";"23561.91";"0.6";"2025.08.28 01:05:00";"23448.84";"-71.18";"18789.15";"OOS1";"TrailingStop";"-67.84";"19.33";"6h 5m";""
"67";"NAS100_DukasM1_Infinox";"Buy";"2025.08.28 11:00:00";"23572.49";"0.59";"2025.08.29 11:04:00";"23623.68";"26.92";"18816.07";"OOS1";"TrailingStop";"-34.88";"99.18";"1d 0h 4m";""
"68";"NAS100_DukasM1_Infinox";"Buy";"2025.09.03 18:00:00";"23465.52";"0.39";"2025.09.04 17:16:00";"23371.36";"-38.88";"18777.19";"OOS1";"TrailingStop";"-73.30";"16.03";"23h 16m";""
"69";"NAS100_DukasM1_Infinox";"Buy";"2025.09.04 19:00:00";"23496.46";"0.43";"2025.09.05 17:07:00";"23750.55";"106.87";"18884.06";"OOS1";"TrailingStop";"-11.12";"158.13";"22h 7m";""
"70";"NAS100_DukasM1_Infinox";"Buy";"2025.09.08 17:00:00";"23813.01";"0.5";"2025.09.08 20:52:00";"23737.49";"-37.76";"18846.30";"OOS1";"TrailingStop";"-37.76";"19.25";"3h 52m";""
"71";"NAS100_DukasM1_Infinox";"Buy";"2025.09.30 23:00:00";"24674.40";"0.41";"2025.10.01 09:56:00";"24430.04";"-102.58";"18743.72";"OOS1";"SL";"-100.19";"0.48";"10h 56m";""
"72";"NAS100_DukasM1_Infinox";"Buy";"2025.10.15 13:00:00";"24800.82";"0.28";"2025.10.15 18:43:00";"24761.59";"-10.98";"18732.74";"OOS1";"TrailingStop";"-21.53";"38.75";"5h 43m";""
"73";"NAS100_DukasM1_Infinox";"Buy";"2025.10.16 10:00:00";"24854.39";"0.3";"2025.10.16 18:56:00";"24776.76";"-23.29";"18709.45";"OOS1";"TrailingStop";"-23.29";"44.82";"8h 56m";""
"74";"NAS100_DukasM1_Infinox";"Buy";"2025.10.17 17:00:00";"24658.70";"0.23";"2025.10.21 16:48:00";"25062.94";"87.62";"18797.07";"OOS1";"TrailingStop";"-34.19";"125.37";"3d 23h 48m";""
"75";"NAS100_DukasM1_Infinox";"Buy";"2025.10.27 18:00:00";"25748.47";"0.48";"2025.10.29 17:34:00";"26094.03";"160.03";"18957.10";"OOS1";"TrailingStop";"-2.74";"208.90";"1d 23h 34m";""
"76";"NAS100_DukasM1_Infinox";"Buy";"2025.11.10 04:00:00";"25324.05";"0.21";"2025.11.10 18:40:00";"25368.96";"9.43";"18966.53";"OOS1";"TrailingStop";"-4.37";"49.80";"14h 40m";""
"77";"NAS100_DukasM1_Infinox";"Buy";"2025.11.12 08:00:00";"25640.90";"0.39";"2025.11.12 16:31:00";"25601.22";"-15.48";"18951.05";"OOS1";"TrailingStop";"-15.48";"33.14";"8h 31m";""
"78";"NAS100_DukasM1_Infinox";"Buy";"2025.11.14 18:00:00";"25054.03";"0.19";"2025.11.17 14:03:00";"25069.29";"-0.47";"18950.58";"OOS1";"TrailingStop";"-22.85";"41.70";"2d 20h 3m";""
"79";"NAS100_DukasM1_Infinox";"Buy";"2025.11.19 17:00:00";"24814.33";"0.2";"2025.11.20 18:10:00";"24976.53";"31.27";"18981.85";"OOS1";"TrailingStop";"-76.90";"81.52";"1d 1h 10m";""
"80";"NAS100_DukasM1_Infinox";"Buy";"2025.11.21 19:00:00";"24301.18";"0.14";"2025.11.25 16:43:00";"24678.83";"49.66";"19031.51";"OOS1";"TrailingStop";"-23.84";"86.65";"3d 21h 43m";""
"81";"NAS100_DukasM1_Infinox";"Buy";"2025.11.25 20:00:00";"24919.84";"0.22";"2025.12.01 02:21:00";"25340.76";"84.84";"19116.34";"OOS1";"TrailingStop";"-11.01";"123.23";"5d 6h 21m";""
"82";"NAS100_DukasM1_Infinox";"Buy";"2025.12.17 09:00:00";"25146.02";"0.28";"2025.12.17 16:36:00";"25096.54";"-13.85";"19102.49";"OOS1";"TrailingStop";"-13.85";"31.37";"7h 36m";""
"83";"NAS100_DukasM1_Infinox";"Buy";"2025.12.18 17:00:00";"25042.05";"0.29";"2025.12.18 19:16:00";"24965.13";"-22.31";"19080.18";"OOS1";"TrailingStop";"-31.77";"35.43";"2h 16m";""
"84";"NAS100_DukasM1_Infinox";"Buy";"2025.12.19 04:00:00";"25032.69";"0.26";"2025.12.22 17:35:00";"25413.64";"94.44";"19174.62";"OOS1";"TrailingStop";"-8.14";"136.25";"3d 13h 35m";""
"85";"NAS100_DukasM1_Infinox";"Buy";"2025.12.23 18:00:00";"25502.32";"0.48";"2025.12.26 17:02:00";"25624.63";"50.04";"19224.66";"OOS1";"TrailingStop";"-2.84";"102.09";"2d 23h 2m";""
